date,cases_total,deaths_total,hospitalizations_total,cases_age_0_17,cases_age_18_29,cases_age_30_39,cases_age_40_49,cases_age_50_59,cases_age_60_69,cases_age_70_79,cases_age_80_,cases_age_unknown,cases_female,cases_male,cases_unknown_gender,cases_latinx,cases_asian_non_latinx,cases_black_non_latinx,cases_white_non_latinx,cases_other_non_latinx,cases_unknown_race_eth,deaths_0_17_yrs,deaths_18_29_yrs,deaths_30_39_yrs,deaths_40_49_yrs,deaths_50_59_yrs,deaths_60_69_yrs,deaths_70_79_yrs,deaths_80_yrs,deaths_unknown_age,deaths_female,deaths_male,deaths_unknown_gender,deaths_latinx,deaths_asian_non_latinx,deaths_black_non_latinx,deaths_white_non_latinx,deaths_other_non_latinx,deaths_unknown_race_eth,hospitalizations_age_0_17,hospitalizations_age_18_29,hospitalizations_age_30_39,hospitalizations_age_40_49,hospitalizations_age_50_59,hospitalizations_age_60_69,hospitalizations_age_70_79,hospitalizations_age_80_,hospitalizations_age_unknown,hospitalizations_female,hospitalizations_male,hospitalizations_unknown_gender,hospitalizations_latinx,hospitalizations_asian_non_latinx,hospitalizations_black_non_latinx,hospitalizations_white_non_latinx,hospitalizations_other_race_non_latinx,hospitalizations_unknown_race_ethnicity,ventilators_total_capacity,ventilators_in_use_total,ventilators_in_use_covid_19,ventilators_in_use_covid_19_patients,ventilators_in_use_covid_19_pui,ventilators_in_use_non_covid_19,ventilators_available_total,ventilators_available_hospital,ventilators_available_eamc_cache,icu_beds_total_capacity,icu_beds_adult,icu_beds_pediatric,icu_beds_in_use_total,icu_beds_in_use_covid_19,icu_beds_in_use_covid_19_patients,icu_beds_in_use_covid_19_pui,icu_beds_in_use_non_covid_19,icu_beds_available_total,icu_beds_available_adult,icu_beds_available_pediatric,acute_non_icu_beds_total_capacity,acute_non_icu_beds_in_use_total,acute_non_icu_beds_in_use_covid_19,acute_non_icu_beds_in_use_covid_19_patients,acute_non_icu_beds_in_use_covid_19_pui,acute_non_icu_beds_in_use_non_covid_19,acute_non_icu_beds_available_total,combined_hospital_beds_in_use_covid_19,daily_update_pdf,ventilator_surge_capacity,icu_beds_surge_capacity_adult,icu_beds_surge_capacity_pediatric
2020-03-29T00:00:00.000,282,20,130,4,29,48,54,50,50,30,17,0,128,154,0,55,11,145,38,10,23,0,1,0,1,4,4,6,4,0,3,17,0,2,2,14,2,0,0,0,5,12,25,23,27,24,14,0,57,73,0,21,3,92,11,2,1,1078,544,211,149,62,333,534,410,124,970,785,185,762,307,196,111,455,208,174,34,6580,4942,,,,,1638,,{'url': 'https://www.chicago.gov/content/dam/city/sites/covid/reports/hospital-capacity/2020.03.30_COVID-19_ICU_Vent_Capacity_Daily_Report.pdf'},196,218,8
2020-03-01T00:00:00.000,0,0,2,0,0,0,0,0,0,0,0,0,0,0,0,0,0,0,0,0,0,0,0,0,0,0,0,0,0,0,0,0,0,0,0,0,0,0,0,0,0,1,0,0,0,1,0,0,1,1,0,0,0,0,2,0,0,,,,,,,,,,,,,,,,,,,,,,,,,,,,,,,,
2020-03-02T00:00:00.000,0,0,2,0,0,0,0,0,0,0,0,0,0,0,0,0,0,0,0,0,0,0,0,0,0,0,0,0,0,0,0,0,0,0,0,0,0,0,0,0,1,1,0,0,0,0,0,0,2,0,0,1,0,1,0,0,0,,,,,,,,,,,,,,,,,,,,,,,,,,,,,,,,
2020-03-03T00:00:00.000,0,0,3,0,0,0,0,0,0,0,0,0,0,0,0,0,0,0,0,0,0,0,0,0,0,0,0,0,0,0,0,0,0,0,0,0,0,0,0,0,0,1,2,0,0,0,0,0,1,2,0,0,0,3,0,0,0,,,,,,,,,,,,,,,,,,,,,,,,,,,,,,,,
2020-03-04T00:00:00.000,0,0,4,0,0,0,0,0,0,0,0,0,0,0,0,0,0,0,0,0,0,0,0,0,0,0,0,0,0,0,0,0,0,0,0,0,0,0,0,0,0,0,0,2,0,2,0,0,1,3,0,0,0,3,1,0,0,,,,,,,,,,,,,,,,,,,,,,,,,,,,,,,,
2020-03-05T00:00:00.000,1,0,6,0,0,0,0,1,0,0,0,0,1,0,0,0,0,1,0,0,0,0,0,0,0,0,0,0,0,0,0,0,0,0,0,0,0,0,0,0,0,1,1,1,2,1,0,0,2,4,0,0,0,2,4,0,0,,,,,,,,,,,,,,,,,,,,,,,,,,,,,,,,
2020-07-23T00:00:00.000,315,2,32,33,101,67,43,35,17,12,7,0,187,127,1,93,13,79,72,14,44,0,0,0,0,0,0,2,0,0,1,1,0,1,0,1,0,0,0,0,4,8,4,6,2,5,3,0,16,16,0,14,1,11,4,1,1,1991,513,43,35,8,470,1478,1428,50,1344,1173,171,866,85,55,30,781,478,430,48,8064,5599,413,177,236,5186,2465,498,{'url': 'https://www.chicago.gov/content/dam/city/sites/covid/reports/hospital-capacity/2020.07.24_COVID-19_ICU_Vent_Capacity_Daily_Report.pdf'},,,
2020-10-05T00:00:00.000,536,3,23,52,153,112,90,66,38,21,4,0,258,278,0,197,10,94,94,21,120,0,0,0,0,0,0,1,2,0,2,1,0,0,0,0,2,0,1,0,4,3,2,3,4,5,2,0,10,13,0,6,0,12,4,0,1,2057,629,34,27,7,595,1428,1378,50,1283,1105,178,820,87,57,30,733,463,389,74,8248,5892,285,144,141,5607,2356,372,{'url': 'https://www.chicago.gov/content/dam/city/sites/covid/reports/hospital-capacity/2020.10.06_COVID-19_ICU_Vent_Capacity_Daily_Report.pdf'},,,
2020-03-08T00:00:00.000,3,0,9,0,0,1,1,0,0,1,0,0,1,2,0,1,0,0,2,0,0,0,0,0,0,0,0,0,0,0,0,0,0,0,0,0,0,0,0,0,0,1,0,2,1,3,2,0,3,6,0,2,0,5,2,0,0,,,,,,,,,,,,,,,,,,,,,,,,,,,,,,,,
2020-09-06T00:00:00.000,141,2,12,16,43,29,17,18,10,3,5,0,72,68,1,55,0,27,37,2,20,0,0,1,0,0,0,1,0,0,0,2,0,2,0,0,0,0,0,0,1,1,2,0,3,2,3,0,8,4,0,4,0,4,1,0,3,2039,704,33,25,8,671,1335,1285,50,1276,1105,171,743,91,55,36,652,533,476,57,8260,5866,233,109,124,5633,2394,324,{'url': 'https://www.chicago.gov/content/dam/city/sites/covid/reports/hospital-capacity/2020.09.07_COVID-19_ICU_Vent_Capacity_Daily_Report.pdf'},,,
2020-03-10T00:00:00.000,11,0,8,1,2,3,2,0,0,2,1,0,8,3,0,0,1,1,7,2,0,0,0,0,0,0,0,0,0,0,0,0,0,0,0,0,0,0,0,0,1,0,0,0,4,2,1,0,4,4,0,0,0,5,1,2,0,,,,,,,,,,,,,,,,,,,,,,,,,,,,,,,,
2020-04-13T00:00:00.000,692,33,154,10,99,115,127,161,89,53,38,0,352,336,4,237,25,211,94,31,94,0,0,1,5,3,8,7,9,0,15,18,0,11,2,17,3,0,0,1,5,11,11,41,29,28,28,0,67,87,0,37,6,69,27,12,3,1341,658,325,270,55,333,683,633,50,1158,944,214,838,446,375,71,392,320,224,96,7286,5627,1050,,,4577,1659,1496,{'url': 'https://www.chicago.gov/content/dam/city/sites/covid/reports/hospital-capacity/2020.04.14_COVID-19_ICU_Vent_Capacity_Daily_Report.pdf'},322,131,24
2020-10-07T00:00:00.000,521,1,16,55,157,105,83,62,33,17,9,0,254,265,2,181,7,62,109,18,144,0,0,0,0,0,1,0,0,0,0,1,0,0,0,1,0,0,0,0,3,3,3,1,2,2,2,0,9,7,0,5,0,6,4,0,1,2060,561,37,30,7,524,1499,1449,50,1283,1105,178,897,84,57,27,813,386,330,56,8248,6151,306,132,174,5845,2097,390,{'url': 'https://www.chicago.gov/content/dam/city/sites/covid/reports/hospital-capacity/2020.10.08_COVID-19_ICU_Vent_Capacity_Daily_Report.pdf'},,,
2020-05-04T00:00:00.000,1120,48,126,57,218,223,243,177,109,53,40,0,556,544,20,518,24,175,99,45,259,0,1,0,0,4,10,15,18,0,23,25,0,17,2,20,9,0,0,1,10,8,13,15,27,31,21,0,53,72,1,39,7,48,18,9,5,2023,1041,331,315,16,710,982,932,50,1358,1144,214,1059,494,442,52,565,299,240,59,7476,5694,1181,,,4513,1782,1675,{'url': 'https://www.chicago.gov/content/dam/city/sites/covid/reports/hospital-capacity/2020.05.05_COVID-19_ICU_Vent_Capacity_Daily_Report.pdf'},367,86,10
2020-04-12T00:00:00.000,341,33,138,28,32,56,54,60,46,34,31,0,142,182,17,91,7,116,56,21,50,0,0,1,2,3,11,6,10,0,16,17,0,4,1,20,8,0,0,0,3,7,16,31,30,30,21,0,56,81,1,33,4,69,25,7,0,1335,638,316,264,52,322,697,647,50,1161,947,214,880,426,344,82,454,281,198,83,7268,5497,1032,,,4465,1771,1458,{'url': 'https://www.chicago.gov/content/dam/city/sites/covid/reports/hospital-capacity/2020.04.13_COVID-19_ICU_Vent_Capacity_Daily_Report.pdf'},252,112,35
2020-04-28T00:00:00.000,1323,56,179,68,246,232,253,248,156,68,52,0,619,675,29,574,16,242,107,83,301,0,0,0,3,5,9,10,29,0,23,33,0,13,5,26,12,0,0,2,10,18,22,42,28,30,27,0,73,106,0,64,6,64,30,15,0,2103,1025,339,313,26,686,1078,1028,50,1333,1119,214,1065,505,421,84,560,268,183,85,7541,5706,1316,,,4390,1835,1821,{'url': 'https://www.chicago.gov/content/dam/city/sites/covid/reports/hospital-capacity/2020.04.29_COVID-19_ICU_Vent_Capacity_Daily_Report.pdf'},335,131,35
2020-07-31T00:00:00.000,390,2,23,46,112,81,64,42,30,8,7,0,206,181,3,184,5,76,74,12,39,0,0,0,0,1,0,0,1,0,1,1,0,1,0,1,0,0,0,1,3,5,1,2,5,4,2,0,11,12,0,7,1,11,3,1,0,2001,518,50,37,13,468,1483,1433,50,1268,1097,171,777,99,68,31,678,491,446,45,8075,5680,322,157,165,5358,2395,421,{'url': 'https://www.chicago.gov/content/dam/city/sites/covid/reports/hospital-capacity/2020.07.32_COVID-19_ICU_Vent_Capacity_Daily_Report.pdf'},,,
2020-03-11T00:00:00.000,12,0,9,0,3,1,3,3,2,0,0,0,3,9,0,2,0,5,5,0,0,0,0,0,0,0,0,0,0,0,0,0,0,0,0,0,0,0,0,0,0,1,3,3,2,0,0,0,4,5,0,2,0,5,2,0,0,,,,,,,,,,,,,,,,,,,,,,,,,,,,,,,,
2020-03-09T00:00:00.000,5,0,3,3,0,0,0,0,0,1,1,0,3,2,0,2,1,1,1,0,0,0,0,0,0,0,0,0,0,0,0,0,0,0,0,0,0,0,0,0,0,1,1,0,0,1,0,0,1,2,0,1,0,0,1,1,0,,,,,,,,,,,,,,,,,,,,,,,,,,,,,,,,
2020-04-06T00:00:00.000,583,22,202,5,78,97,102,110,94,56,41,0,300,274,9,137,20,233,98,27,68,0,0,0,2,5,1,8,6,0,9,13,0,3,0,16,3,0,0,0,6,22,16,41,59,31,27,0,109,91,2,45,10,113,21,10,3,1237,639,323,233,90,316,598,548,50,1010,830,180,774,426,314,112,348,236,180,56,6617,4559,889,,,3670,2058,1315,{'url': 'https://www.chicago.gov/content/dam/city/sites/covid/reports/hospital-capacity/2020.04.07_COVID-19_ICU_Vent_Capacity_Daily_Report.pdf'},237,218,35
2020-07-22T00:00:00.000,365,4,36,39,124,82,56,28,22,13,1,0,188,171,6,130,9,78,97,10,41,0,0,0,0,1,0,1,2,0,1,3,0,1,0,1,2,0,0,3,3,7,6,1,6,8,2,0,20,16,0,13,1,15,5,1,1,1990,567,49,36,13,518,1423,1373,50,1346,1175,171,826,82,50,32,744,520,453,67,8062,5712,410,163,247,5302,2350,492,{'url': 'https://www.chicago.gov/content/dam/city/sites/covid/reports/hospital-capacity/2020.07.23_COVID-19_ICU_Vent_Capacity_Daily_Report.pdf'},,,
2020-05-25T00:00:00.000,252,23,78,7,34,35,41,43,49,26,17,0,123,126,3,76,6,67,43,3,57,0,0,1,0,4,4,7,7,0,11,12,0,5,0,10,7,1,0,2,10,4,7,12,17,11,15,0,37,41,0,24,2,34,8,1,9,2197,714,261,241,20,453,1483,1433,50,1260,1095,165,866,401,343,58,465,394,347,47,7597,5553,949,614,335,4604,2044,1350,{'url': 'https://www.chicago.gov/content/dam/city/sites/covid/reports/hospital-capacity/2020.05.26_COVID-19_ICU_Vent_Capacity_Daily_Report.pdf'},,,
2020-10-18T00:00:00.000,284,0,18,22,67,68,51,38,17,15,6,0,143,141,0,56,6,47,93,11,71,0,0,0,0,0,0,0,0,0,0,0,0,0,0,0,0,0,0,1,5,0,3,1,2,3,3,0,8,10,0,8,0,3,7,0,0,2053,572,38,31,7,534,1481,1431,50,1278,1100,178,869,107,69,38,762,409,350,59,8261,6052,315,170,145,5737,2209,422,{'url': 'https://www.chicago.gov/content/dam/city/sites/covid/reports/hospital-capacity/2020.10.19_COVID-19_ICU_Vent_Capacity_Daily_Report.pdf'},,,
2020-05-09T00:00:00.000,521,52,100,34,104,100,98,90,54,28,13,0,264,254,3,243,9,91,37,17,124,0,1,0,4,6,6,11,24,0,23,29,0,26,3,14,8,1,0,1,9,11,12,19,18,19,11,0,53,46,1,43,1,31,16,5,4,2076,791,329,306,23,462,1285,1235,50,1427,1197,230,1132,494,426,68,638,295,234,61,7591,5869,1075,815,260,4794,1722,1569,{'url': 'https://www.chicago.gov/content/dam/city/sites/covid/reports/hospital-capacity/2020.05.10_COVID-19_ICU_Vent_Capacity_Daily_Report.pdf'},193,76,24
2020-04-30T00:00:00.000,1272,40,168,57,231,222,227,187,150,95,103,0,621,626,25,537,22,211,146,47,309,0,0,3,0,4,8,11,14,0,17,23,0,13,1,18,8,0,0,1,11,15,13,34,39,26,29,0,74,92,2,59,8,55,31,10,5,1979,1050,339,320,19,711,929,879,50,1333,1119,214,1058,477,417,60,581,275,202,73,7543,5437,1194,,,4243,2106,1671,{'url': 'https://www.chicago.gov/content/dam/city/sites/covid/reports/hospital-capacity/2020.04.31_COVID-19_ICU_Vent_Capacity_Daily_Report.pdf'},331,113,4
2020-06-20T00:00:00.000,124,10,20,18,32,17,21,19,5,9,3,0,64,60,0,69,1,15,18,4,17,0,0,1,0,2,2,1,4,0,3,7,0,8,0,1,1,0,0,3,3,3,1,3,3,1,3,0,11,9,0,11,0,6,2,1,0,2167,613,92,81,11,521,1554,1504,50,1292,1121,171,737,163,124,39,574,555,504,51,7963,5450,471,231,240,4979,2513,634,{'url': 'https://www.chicago.gov/content/dam/city/sites/covid/reports/hospital-capacity/2020.06.21_COVID-19_ICU_Vent_Capacity_Daily_Report.pdf'},,,
2020-06-06T00:00:00.000,170,20,39,18,33,22,36,28,20,9,4,0,88,82,0,81,1,25,24,6,33,0,0,1,1,0,7,7,4,0,7,13,0,8,1,9,2,0,0,0,6,5,4,6,10,2,6,0,12,27,0,16,0,13,8,0,2,2213,738,187,170,17,551,1475,1425,50,1320,1141,179,769,284,228,56,485,551,462,89,7776,5212,646,420,226,4566,2564,930,{'url': 'https://www.chicago.gov/content/dam/city/sites/covid/reports/hospital-capacity/2020.06.07_COVID-19_ICU_Vent_Capacity_Daily_Report.pdf'},,,
2020-10-08T00:00:00.000,578,3,22,80,169,108,63,80,54,17,7,0,294,282,2,218,12,76,122,20,130,0,0,0,2,0,0,1,0,0,1,2,0,0,1,1,1,0,0,0,4,1,0,3,9,0,5,0,14,8,0,4,0,9,3,3,3,2060,603,31,25,6,572,1457,1407,50,1283,1105,178,907,92,58,34,815,376,311,65,8248,6128,304,136,168,5824,2120,396,{'url': 'https://www.chicago.gov/content/dam/city/sites/covid/reports/hospital-capacity/2020.10.09_COVID-19_ICU_Vent_Capacity_Daily_Report.pdf'},,,
2020-09-11T00:00:00.000,335,5,19,52,91,81,38,37,20,14,2,0,165,169,1,149,4,40,74,13,55,0,0,1,0,2,0,1,1,0,0,5,0,4,0,1,0,0,0,0,3,2,1,5,5,1,2,0,8,11,0,12,1,3,3,0,0,2040,556,50,35,15,506,1484,1434,50,1276,1105,171,776,102,61,41,674,500,410,90,8260,5932,266,101,165,5666,2328,368,{'url': 'https://www.chicago.gov/content/dam/city/sites/covid/reports/hospital-capacity/2020.09.12_COVID-19_ICU_Vent_Capacity_Daily_Report.pdf'},,,
2020-06-10T00:00:00.000,234,11,31,10,57,46,32,36,26,18,9,0,129,101,4,99,3,45,30,7,50,0,0,1,2,2,1,4,1,0,4,7,0,4,1,6,0,0,0,0,1,4,2,8,4,6,6,0,19,12,0,7,1,16,6,1,0,2213,707,176,161,15,531,1506,1456,50,1308,1129,179,803,259,202,57,544,505,438,67,7940,5427,649,375,274,4778,2513,908,{'url': 'https://www.chicago.gov/content/dam/city/sites/covid/reports/hospital-capacity/2020.06.11_COVID-19_ICU_Vent_Capacity_Daily_Report.pdf'},,,
2020-05-19T00:00:00.000,893,27,99,78,212,172,148,131,85,39,28,0,451,436,6,421,13,140,71,42,206,0,1,1,3,6,5,6,5,0,8,19,0,10,2,11,3,0,1,5,5,13,15,21,17,12,11,0,50,49,0,41,2,35,12,3,6,2191,787,278,255,23,509,1404,1354,50,1361,1166,195,930,420,350,70,510,431,356,75,7530,5522,1091,741,350,4431,2008,1511,{'url': 'https://www.chicago.gov/content/dam/city/sites/covid/reports/hospital-capacity/2020.05.20_COVID-19_ICU_Vent_Capacity_Daily_Report.pdf'},,,
2020-09-05T00:00:00.000,198,4,23,24,58,38,33,21,17,6,1,0,92,106,0,83,3,24,41,5,42,0,0,1,0,1,0,1,1,0,1,3,0,2,0,2,0,0,0,0,1,3,4,5,5,2,3,0,15,8,0,7,0,6,8,1,1,2036,757,26,23,3,731,1279,1229,50,1276,1105,171,797,83,55,28,714,479,424,55,8260,6100,283,124,159,5817,2160,366,{'url': 'https://www.chicago.gov/content/dam/city/sites/covid/reports/hospital-capacity/2020.09.06_COVID-19_ICU_Vent_Capacity_Daily_Report.pdf'},,,
2020-04-11T00:00:00.000,398,33,141,7,53,71,65,83,55,38,26,0,184,212,2,103,17,146,53,16,63,0,0,1,1,6,7,10,8,0,15,18,0,8,2,21,2,0,0,2,3,7,16,29,32,32,20,0,57,83,1,37,5,74,16,6,3,1321,714,316,275,41,398,607,557,50,1164,950,214,908,477,391,86,431,256,199,57,7236,5384,978,,,4406,1852,1455,{'url': 'https://www.chicago.gov/content/dam/city/sites/covid/reports/hospital-capacity/2020.04.12_COVID-19_ICU_Vent_Capacity_Daily_Report.pdf'},291,133,40
2020-07-07T00:00:00.000,343,4,25,36,107,69,54,45,19,8,5,0,184,158,1,98,12,91,68,12,62,0,0,0,0,0,3,0,1,0,3,1,0,3,0,1,0,0,0,0,2,3,3,5,3,6,3,0,10,15,0,4,2,13,4,1,1,2178,566,67,48,19,499,1612,1562,50,1343,1172,171,857,127,72,55,730,486,425,61,8087,5668,400,184,216,5268,2419,527,{'url': 'https://www.chicago.gov/content/dam/city/sites/covid/reports/hospital-capacity/2020.07.08_COVID-19_ICU_Vent_Capacity_Daily_Report.pdf'},,,
2020-03-21T00:00:00.000,125,2,66,0,18,25,20,28,16,13,5,0,53,72,0,25,6,61,26,3,4,0,0,0,0,0,1,0,1,0,0,2,0,0,0,2,0,0,0,0,4,6,8,19,11,14,4,0,23,43,0,13,4,34,12,2,1,997,416,41,24,17,375,581,457,124,971,786,185,692,121,35,86,571,279,233,46,6518,4548,,,,,1970,,{'url': 'https://www.chicago.gov/content/dam/city/sites/covid/reports/hospital-capacity/2020.03.22_COVID-19_ICU_Vent_Capacity_Daily_Report.pdf'},,,
2020-03-25T00:00:00.000,367,5,125,2,51,71,72,82,33,36,20,0,169,197,1,49,10,184,86,18,20,0,0,1,0,1,1,0,2,0,3,2,0,1,0,3,1,0,0,0,6,16,17,25,16,28,17,0,55,70,0,13,2,92,15,3,0,1048,476,133,79,54,343,572,448,124,966,781,185,667,192,89,103,475,299,256,43,6548,4224,,,,,2324,,{'url': 'https://www.chicago.gov/content/dam/city/sites/covid/reports/hospital-capacity/2020.03.26_COVID-19_ICU_Vent_Capacity_Daily_Report.pdf'},203,197,30
2020-04-18T00:00:00.000,535,39,164,12,89,101,96,90,81,44,22,0,244,286,5,179,18,161,60,20,97,0,0,0,3,4,8,12,12,0,20,19,0,12,5,20,2,0,0,1,7,18,19,36,39,27,17,0,62,102,0,53,4,75,22,8,2,1409,725,315,278,37,410,684,634,50,1160,946,214,924,465,400,65,459,236,175,61,7369,5605,1008,,,4597,1764,1473,{'url': 'https://www.chicago.gov/content/dam/city/sites/covid/reports/hospital-capacity/2020.04.19_COVID-19_ICU_Vent_Capacity_Daily_Report.pdf'},244,121,35
2020-04-16T00:00:00.000,680,30,157,8,119,114,119,122,95,62,41,0,320,352,8,233,15,202,93,28,109,0,0,0,2,3,6,8,11,0,14,16,0,5,3,16,6,0,0,0,6,11,15,34,33,34,24,0,55,100,2,45,2,74,23,11,2,1403,671,331,296,35,340,732,682,50,1160,946,214,864,465,401,64,399,296,212,84,7286,5194,1138,,,4056,2092,1603,{'url': 'https://www.chicago.gov/content/dam/city/sites/covid/reports/hospital-capacity/2020.04.17_COVID-19_ICU_Vent_Capacity_Daily_Report.pdf'},314,138,38
2020-07-11T00:00:00.000,154,2,20,9,68,22,22,13,12,8,0,0,78,76,0,33,3,43,34,13,28,0,1,0,0,0,0,1,0,0,0,2,0,0,0,2,0,0,0,0,8,1,2,1,3,4,1,0,8,12,0,4,1,13,2,0,0,2055,624,47,38,9,577,1431,1381,50,1346,1175,171,832,97,65,32,735,514,467,47,8043,5709,334,146,188,5375,2334,431,{'url': 'https://www.chicago.gov/content/dam/city/sites/covid/reports/hospital-capacity/2020.07.12_COVID-19_ICU_Vent_Capacity_Daily_Report.pdf'},,,
2020-06-18T00:00:00.000,184,14,31,24,43,34,30,29,9,5,10,0,94,86,4,80,3,31,25,5,40,0,0,1,1,0,5,4,3,0,7,7,0,6,0,7,1,0,0,3,2,5,3,1,4,6,7,0,17,14,0,12,0,9,9,0,1,2201,649,127,112,15,522,1552,1502,50,1289,1118,171,779,188,146,42,591,510,464,46,7967,5476,513,267,246,4963,2491,701,{'url': 'https://www.chicago.gov/content/dam/city/sites/covid/reports/hospital-capacity/2020.06.19_COVID-19_ICU_Vent_Capacity_Daily_Report.pdf'},,,
2020-05-03T00:00:00.000,464,45,138,10,97,77,76,81,66,30,27,0,209,246,9,197,8,114,41,21,83,0,0,0,2,4,13,13,13,0,20,25,0,20,0,16,9,0,0,2,10,17,17,27,21,23,21,0,61,77,0,58,1,41,20,14,4,1922,1049,330,315,15,719,873,823,50,1357,1143,214,1097,486,440,46,611,260,186,74,7467,5658,1167,,,4491,1809,1653,{'url': 'https://www.chicago.gov/content/dam/city/sites/covid/reports/hospital-capacity/2020.05.04_COVID-19_ICU_Vent_Capacity_Daily_Report.pdf'},261,67,25
2020-08-12T00:00:00.000,429,2,31,51,117,93,71,53,29,9,6,0,223,203,3,177,1,80,90,20,61,0,0,0,0,0,1,0,1,0,1,1,0,1,0,1,0,0,0,1,2,2,5,5,9,4,3,0,13,18,0,14,0,11,4,1,1,2007,540,39,28,11,501,1467,1417,50,1278,1107,171,754,102,59,43,652,524,445,79,8095,5928,345,119,226,5583,2167,447,{'url': 'https://www.chicago.gov/content/dam/city/sites/covid/reports/hospital-capacity/2020.08.13_COVID-19_ICU_Vent_Capacity_Daily_Report.pdf'},,,
2020-03-22T00:00:00.000,169,2,74,6,23,28,31,37,24,14,6,0,75,94,0,22,6,82,50,6,3,0,0,0,1,1,0,0,0,0,0,2,0,0,0,1,0,1,0,0,6,9,13,14,13,14,5,0,37,36,1,12,4,48,6,3,1,1014,444,62,31,31,382,570,446,124,966,781,185,730,128,39,89,602,236,194,42,6529,4578,,,,,1951,,{'url': 'https://www.chicago.gov/content/dam/city/sites/covid/reports/hospital-capacity/2020.03.23_COVID-19_ICU_Vent_Capacity_Daily_Report.pdf'},,,
2020-06-05T00:00:00.000,338,17,42,33,76,70,51,50,30,18,10,0,171,166,1,177,4,49,28,12,68,0,0,0,0,3,1,9,4,0,10,7,0,5,0,7,5,0,0,0,6,5,5,8,5,10,3,0,20,22,0,17,0,14,5,2,4,2199,703,211,193,18,492,1496,1446,50,1320,1141,179,819,331,278,53,488,501,428,73,7776,5059,691,417,274,4368,2717,1022,{'url': 'https://www.chicago.gov/content/dam/city/sites/covid/reports/hospital-capacity/2020.06.06_COVID-19_ICU_Vent_Capacity_Daily_Report.pdf'},,,
2020-09-08T00:00:00.000,366,1,19,36,120,79,55,39,23,9,5,0,179,187,0,172,7,39,81,8,59,0,0,0,0,0,1,0,0,0,0,1,0,0,0,0,1,0,0,1,1,0,3,2,4,4,4,0,7,12,0,9,0,5,5,0,0,2039,578,29,23,6,549,1461,1411,50,1276,1105,171,731,88,55,33,643,545,460,85,8260,5527,245,109,136,5282,2733,333,{'url': 'https://www.chicago.gov/content/dam/city/sites/covid/reports/hospital-capacity/2020.09.09_COVID-19_ICU_Vent_Capacity_Daily_Report.pdf'},,,
2020-05-24T00:00:00.000,280,27,91,16,56,42,48,33,47,22,16,0,150,130,0,117,2,49,17,12,83,0,0,0,4,2,6,8,7,0,14,13,0,9,0,12,6,0,0,0,7,6,5,18,31,13,11,0,45,46,0,31,2,33,10,6,9,2206,758,273,254,19,485,1448,1398,50,1260,1095,165,865,415,360,55,450,395,347,48,7597,5310,912,594,318,4398,2287,1327,{'url': 'https://www.chicago.gov/content/dam/city/sites/covid/reports/hospital-capacity/2020.05.25_COVID-19_ICU_Vent_Capacity_Daily_Report.pdf'},,,
2020-04-01T00:00:00.000,459,24,183,3,56,69,87,84,90,41,29,0,236,204,19,98,19,221,62,16,43,0,0,1,1,1,7,6,8,0,12,12,0,3,1,19,0,0,1,1,4,13,26,40,43,31,25,0,77,100,6,39,5,101,26,8,4,1210,603,246,187,59,357,607,483,124,984,801,183,758,386,243,143,372,226,176,50,6556,4661,,,,,1895,,{'url': 'https://www.chicago.gov/content/dam/city/sites/covid/reports/hospital-capacity/2020.04.02_COVID-19_ICU_Vent_Capacity_Daily_Report.pdf'},270,222,26
2020-05-26T00:00:00.000,754,23,78,61,161,129,138,127,76,40,22,0,394,354,6,356,15,114,60,37,172,0,0,0,0,2,8,9,4,0,8,15,0,7,1,12,3,0,0,2,4,6,8,27,13,9,9,0,43,35,0,27,1,29,14,2,5,2213,677,261,240,21,416,1536,1486,50,1281,1116,165,884,411,352,59,473,397,349,48,7604,5433,964,637,327,4469,2171,1375,{'url': 'https://www.chicago.gov/content/dam/city/sites/covid/reports/hospital-capacity/2020.05.27_COVID-19_ICU_Vent_Capacity_Daily_Report.pdf'},,,
2020-05-27T00:00:00.000,611,26,64,70,124,100,116,82,65,32,22,0,316,285,10,302,8,107,50,21,123,0,0,2,1,1,7,7,8,0,10,16,0,10,1,10,5,0,0,0,4,5,11,13,12,11,8,0,30,34,0,23,1,20,16,2,2,2212,615,239,219,20,376,1597,1547,50,1298,1132,166,900,398,336,62,502,398,348,50,7702,5623,935,614,321,4688,2079,1333,{'url': 'https://www.chicago.gov/content/dam/city/sites/covid/reports/hospital-capacity/2020.05.28_COVID-19_ICU_Vent_Capacity_Daily_Report.pdf'},,,
2020-04-22T00:00:00.000,1056,45,151,33,170,169,168,207,150,65,94,0,518,480,58,427,22,228,102,45,232,0,0,3,2,5,15,8,12,0,20,25,0,8,0,27,9,1,0,1,5,10,29,25,35,20,26,0,70,80,1,47,5,62,25,11,1,1413,770,328,290,38,442,643,593,50,1160,946,214,943,499,416,83,444,217,160,57,7368,5719,1292,,,4427,1649,1791,{'url': 'https://www.chicago.gov/content/dam/city/sites/covid/reports/hospital-capacity/2020.04.23_COVID-19_ICU_Vent_Capacity_Daily_Report.pdf'},254,130,25
2020-06-21T00:00:00.000,47,11,18,4,16,11,3,7,2,3,1,0,28,19,0,16,1,10,6,2,12,0,0,1,0,1,3,3,3,0,6,5,0,4,0,3,4,0,0,1,2,2,1,3,3,5,1,0,13,5,0,8,0,7,2,1,0,2185,664,87,73,14,577,1521,1471,50,1292,1121,171,817,162,117,45,655,475,423,52,7963,5001,429,214,215,4572,2962,591,{'url': 'https://www.chicago.gov/content/dam/city/sites/covid/reports/hospital-capacity/2020.06.22_COVID-19_ICU_Vent_Capacity_Daily_Report.pdf'},,,
2020-07-24T00:00:00.000,345,3,26,37,102,77,47,39,21,11,11,0,195,148,2,128,12,74,64,11,56,0,0,1,0,1,1,0,0,0,0,3,0,3,0,0,0,0,0,0,6,0,6,3,4,2,5,0,13,13,0,8,1,13,4,0,0,1990,537,34,25,9,503,1453,1403,50,1274,1103,171,795,97,61,36,698,479,429,50,8064,5648,380,153,227,5268,2416,477,{'url': 'https://www.chicago.gov/content/dam/city/sites/covid/reports/hospital-capacity/2020.07.25_COVID-19_ICU_Vent_Capacity_Daily_Report.pdf'},,,
2020-03-07T00:00:00.000,3,0,3,0,0,0,0,1,0,2,0,0,3,0,0,0,0,2,1,0,0,0,0,0,0,0,0,0,0,0,0,0,0,0,0,0,0,0,0,0,0,0,2,0,0,0,1,0,1,2,0,0,0,1,1,1,0,,,,,,,,,,,,,,,,,,,,,,,,,,,,,,,,
2020-10-11T00:00:00.000,286,3,27,19,87,59,40,35,30,9,7,0,118,167,1,69,6,42,74,12,83,0,0,0,0,0,1,0,2,0,0,3,0,1,0,1,1,0,0,0,2,3,6,4,5,3,4,0,11,16,0,7,1,6,7,2,4,2056,685,45,33,12,640,1371,1321,50,1283,1105,178,872,82,59,23,790,411,368,43,8248,5847,289,140,149,5558,2401,371,{'url': 'https://www.chicago.gov/content/dam/city/sites/covid/reports/hospital-capacity/2020.10.12_COVID-19_ICU_Vent_Capacity_Daily_Report.pdf'},,,
2020-04-09T00:00:00.000,577,25,158,9,83,102,104,130,74,40,35,0,257,311,9,173,24,208,82,28,62,0,0,0,0,3,7,5,10,0,13,12,0,5,1,14,5,0,0,2,5,12,17,35,32,31,24,0,68,84,6,29,6,88,28,6,1,1265,652,306,251,55,346,613,563,50,1101,887,214,853,460,364,96,393,248,173,75,7182,5343,1000,,,4343,1839,1460,{'url': 'https://www.chicago.gov/content/dam/city/sites/covid/reports/hospital-capacity/2020.04.10_COVID-19_ICU_Vent_Capacity_Daily_Report.pdf'},266,153,30
2020-06-11T00:00:00.000,202,10,28,19,64,27,29,32,18,9,4,0,106,91,5,97,3,31,24,7,40,0,0,0,1,1,2,2,4,0,4,6,0,3,1,4,2,0,0,0,4,4,2,5,6,3,4,0,9,19,0,13,0,9,6,0,0,2197,672,174,162,12,498,1525,1475,50,1303,1132,171,783,244,209,35,539,520,442,78,7969,5311,607,349,258,4704,2658,851,{'url': 'https://www.chicago.gov/content/dam/city/sites/covid/reports/hospital-capacity/2020.06.12_COVID-19_ICU_Vent_Capacity_Daily_Report.pdf'},,,
2020-06-29T00:00:00.000,280,7,30,22,89,56,36,40,17,9,11,0,137,140,3,103,2,62,51,9,53,0,0,0,0,0,2,2,3,0,4,3,0,3,0,2,2,0,0,1,4,3,4,5,7,1,5,0,11,19,0,14,0,11,4,0,1,2197,553,77,66,11,476,1644,1594,50,1270,1099,171,708,140,97,43,568,562,505,57,8083,5366,426,194,232,4940,2717,566,{'url': 'https://www.chicago.gov/content/dam/city/sites/covid/reports/hospital-capacity/2020.06.30_COVID-19_ICU_Vent_Capacity_Daily_Report.pdf'},,,
2020-10-12T00:00:00.000,659,2,34,64,171,116,119,92,57,30,10,0,306,347,6,160,16,81,138,40,224,0,0,0,0,1,0,1,0,0,1,1,0,2,0,0,0,0,0,0,2,3,7,7,6,6,3,0,13,21,0,8,2,8,10,0,6,2061,629,45,32,13,584,1432,1382,50,1283,1105,178,865,95,60,35,770,418,360,58,8261,5977,298,156,142,5679,2284,393,{'url': 'https://www.chicago.gov/content/dam/city/sites/covid/reports/hospital-capacity/2020.10.13_COVID-19_ICU_Vent_Capacity_Daily_Report.pdf'},,,
2020-10-19T00:00:00.000,969,1,,132,218,201,137,143,82,38,17,1,498,469,2,372,24,165,196,35,177,0,0,0,0,0,0,1,0,0,0,1,0,0,0,0,1,0,0,,,,,,,,,,,,,,,,,,,2049,547,41,35,6,506,1502,1452,50,1278,1100,178,881,99,74,25,782,397,352,45,8261,5979,347,203,144,5632,2282,446,{'url': 'https://www.chicago.gov/content/dam/city/sites/covid/reports/hospital-capacity/2020.10.20_COVID-19_ICU_Vent_Capacity_Daily_Report.pdf'},,,
2020-08-20T00:00:00.000,398,3,21,46,113,76,59,58,32,10,4,0,221,175,2,171,6,70,84,16,51,0,0,0,1,0,2,0,0,0,2,1,0,2,0,0,1,0,0,0,4,5,3,3,4,1,1,0,11,10,0,10,1,4,6,0,0,2043,552,37,28,9,515,1491,1441,50,1278,1107,171,801,114,65,49,687,477,418,59,8099,5713,288,109,179,5425,2386,402,{'url': 'https://www.chicago.gov/content/dam/city/sites/covid/reports/hospital-capacity/2020.08.21_COVID-19_ICU_Vent_Capacity_Daily_Report.pdf'},,,
2020-04-24T00:00:00.000,1076,54,168,30,180,171,185,190,157,73,90,0,495,533,48,417,29,219,148,59,204,0,1,2,0,6,12,15,18,0,19,35,0,14,2,22,16,0,0,3,4,22,16,34,41,26,22,0,78,89,1,66,4,59,27,11,1,1756,311,335,292,43,-24,1445,1395,50,1330,1116,214,1095,482,396,86,613,235,178,57,7508,5653,1210,,,4443,1855,1692,{'url': 'https://www.chicago.gov/content/dam/city/sites/covid/reports/hospital-capacity/2020.04.25_COVID-19_ICU_Vent_Capacity_Daily_Report.pdf'},377,151,25
2020-06-26T00:00:00.000,218,13,31,18,61,49,29,25,17,11,8,0,121,96,1,68,4,42,40,5,59,0,0,1,2,0,0,4,6,0,6,7,0,1,0,5,7,0,0,2,0,3,2,5,9,5,5,0,11,19,1,5,2,16,4,2,2,2187,609,81,69,12,528,1578,1528,50,1284,1113,171,756,136,101,35,620,528,472,56,8054,5496,438,195,243,5058,2558,574,{'url': 'https://www.chicago.gov/content/dam/city/sites/covid/reports/hospital-capacity/2020.06.27_COVID-19_ICU_Vent_Capacity_Daily_Report.pdf'},,,
2020-08-23T00:00:00.000,113,1,28,9,35,13,20,15,11,8,2,0,59,54,0,37,1,23,35,5,12,0,1,0,0,0,0,0,0,0,1,0,0,0,0,1,0,0,0,0,5,2,5,4,4,5,3,0,10,18,0,10,0,7,8,2,1,2043,611,40,28,12,571,1432,1382,50,1278,1107,171,725,73,50,23,652,553,479,74,8099,5805,261,108,153,5544,2294,334,{'url': 'https://www.chicago.gov/content/dam/city/sites/covid/reports/hospital-capacity/2020.08.24_COVID-19_ICU_Vent_Capacity_Daily_Report.pdf'},,,
2020-08-11T00:00:00.000,383,4,26,47,102,73,66,48,37,7,3,0,183,198,2,159,4,75,78,16,51,0,0,0,0,1,0,1,2,0,1,3,0,1,1,2,0,0,0,1,0,3,1,4,9,4,4,0,17,8,1,4,0,9,11,1,1,2007,551,33,24,9,518,1456,1406,50,1278,1107,171,733,94,56,38,639,545,455,90,8095,5897,327,130,197,5570,2198,421,{'url': 'https://www.chicago.gov/content/dam/city/sites/covid/reports/hospital-capacity/2020.08.12_COVID-19_ICU_Vent_Capacity_Daily_Report.pdf'},,,
2020-07-14T00:00:00.000,322,3,23,46,82,68,49,38,23,15,1,0,184,136,2,137,3,70,62,9,41,0,0,0,0,1,0,1,1,0,3,0,0,2,0,0,0,0,1,0,2,3,2,5,6,5,0,0,14,9,0,10,0,10,2,1,0,1998,527,58,49,9,469,1471,1421,50,1346,1175,171,774,106,68,38,668,572,496,76,8043,5667,407,170,237,5260,2376,513,{'url': 'https://www.chicago.gov/content/dam/city/sites/covid/reports/hospital-capacity/2020.07.15_COVID-19_ICU_Vent_Capacity_Daily_Report.pdf'},,,
2020-09-09T00:00:00.000,401,5,21,41,132,75,53,47,37,11,5,0,218,183,0,196,11,58,84,9,43,0,0,0,0,1,1,2,1,0,4,1,0,5,0,0,0,0,0,0,1,0,5,4,3,6,2,0,11,10,0,7,0,6,4,1,3,2043,533,36,28,8,497,1510,1460,50,1276,1105,171,706,78,54,24,628,570,463,107,8260,5748,284,109,175,5464,2512,362,{'url': 'https://www.chicago.gov/content/dam/city/sites/covid/reports/hospital-capacity/2020.09.10_COVID-19_ICU_Vent_Capacity_Daily_Report.pdf'},,,
2020-08-04T00:00:00.000,366,2,33,47,105,68,56,38,31,17,4,0,200,163,3,170,10,69,61,13,43,0,0,0,0,0,1,0,1,0,1,1,0,0,0,2,0,0,0,0,4,2,6,3,9,7,2,0,19,14,0,10,3,15,5,0,0,1999,547,39,30,9,508,1452,1402,50,1274,1103,171,793,102,64,38,691,481,436,45,8095,5406,338,157,181,5068,2689,440,{'url': 'https://www.chicago.gov/content/dam/city/sites/covid/reports/hospital-capacity/2020.08.05_COVID-19_ICU_Vent_Capacity_Daily_Report.pdf'},,,
2020-08-08T00:00:00.000,177,3,16,22,56,27,32,18,14,3,5,0,94,81,2,66,6,39,34,8,24,0,0,0,1,1,0,1,0,0,0,3,0,2,0,1,0,0,0,0,1,1,2,4,3,2,3,0,6,10,0,8,1,5,2,0,0,2012,637,28,22,6,609,1375,1325,50,1274,1103,171,789,92,54,38,697,485,437,48,8099,5801,357,123,234,5444,2298,449,{'url': 'https://www.chicago.gov/content/dam/city/sites/covid/reports/hospital-capacity/2020.08.09_COVID-19_ICU_Vent_Capacity_Daily_Report.pdf'},,,
2020-05-01T00:00:00.000,1170,39,141,58,224,221,204,193,133,69,68,0,616,523,31,534,26,192,108,48,262,0,1,0,1,4,12,8,13,0,14,25,0,12,1,15,10,0,1,0,14,13,16,22,24,32,20,0,75,66,0,48,3,60,22,4,4,1937,1008,361,338,23,647,929,879,50,1353,1139,214,1036,470,429,41,566,317,242,75,7541,5698,1230,,,4468,1843,1700,{'url': 'https://www.chicago.gov/content/dam/city/sites/covid/reports/hospital-capacity/2020.05.02_COVID-19_ICU_Vent_Capacity_Daily_Report.pdf'},268,106,21
2020-07-01T00:00:00.000,262,13,25,16,96,51,31,27,25,6,10,0,153,108,1,92,1,64,55,4,46,0,0,0,3,2,2,2,4,0,5,8,0,6,0,4,3,0,0,1,1,0,6,5,4,3,5,0,12,13,0,8,0,11,4,0,2,2186,646,91,73,18,555,1540,1490,50,1340,1169,171,834,131,93,38,703,506,460,46,8085,5407,402,187,215,5005,2678,533,{'url': 'https://www.chicago.gov/content/dam/city/sites/covid/reports/hospital-capacity/2020.07.02_COVID-19_ICU_Vent_Capacity_Daily_Report.pdf'},,,
2020-04-23T00:00:00.000,1467,36,165,32,194,205,223,241,244,161,167,0,734,644,89,475,20,366,178,69,359,0,1,1,4,3,9,8,10,0,9,27,0,13,2,14,7,0,0,1,6,13,22,27,39,30,27,0,76,87,2,60,6,58,28,11,2,1395,700,281,238,43,419,695,645,50,1187,973,214,933,475,390,85,458,254,178,76,7410,5569,1228,,,4341,1841,1703,{'url': 'https://www.chicago.gov/content/dam/city/sites/covid/reports/hospital-capacity/2020.04.24_COVID-19_ICU_Vent_Capacity_Daily_Report.pdf'},264,116,36
2020-03-20T00:00:00.000,155,0,54,2,23,22,32,30,27,15,4,0,72,83,0,20,6,78,38,3,10,0,0,0,0,0,0,0,0,0,0,0,0,0,0,0,0,0,0,0,4,3,6,12,16,11,2,0,19,35,0,8,1,37,7,1,0,995,388,50,26,24,338,607,483,124,971,786,185,715,105,41,64,610,256,215,41,6518,4976,,,,,1542,,{'url': 'https://www.chicago.gov/content/dam/city/sites/covid/reports/hospital-capacity/2020.03.21_COVID-19_ICU_Vent_Capacity_Daily_Report.pdf'},,,
2020-08-09T00:00:00.000,115,2,18,16,41,21,12,6,9,6,4,0,53,62,0,41,4,17,36,2,15,0,0,0,0,0,0,2,0,0,0,2,0,1,0,0,1,0,0,0,5,2,1,4,2,0,4,0,10,8,0,3,0,9,3,0,3,1995,586,35,24,11,551,1409,1359,50,1274,1103,171,770,103,58,45,667,504,434,70,8099,5696,313,117,196,5383,2403,416,{'url': 'https://www.chicago.gov/content/dam/city/sites/covid/reports/hospital-capacity/2020.08.10_COVID-19_ICU_Vent_Capacity_Daily_Report.pdf'},,,
2020-09-07T00:00:00.000,72,1,18,4,19,17,5,10,11,3,3,0,39,33,0,21,0,23,14,3,11,0,0,0,0,0,0,1,0,0,0,1,0,0,0,1,0,0,0,0,2,6,2,1,5,1,1,0,12,6,0,8,0,6,3,0,1,2036,726,28,24,4,698,1310,1260,50,1276,1105,171,746,84,52,32,662,530,467,63,8260,5785,258,117,141,5527,2475,342,{'url': 'https://www.chicago.gov/content/dam/city/sites/covid/reports/hospital-capacity/2020.09.08_COVID-19_ICU_Vent_Capacity_Daily_Report.pdf'},,,
2020-08-03T00:00:00.000,425,3,32,55,127,87,66,45,24,14,7,0,215,208,2,217,10,67,68,18,45,0,0,0,0,0,1,1,1,0,2,1,0,1,0,1,1,0,0,1,1,2,4,10,4,7,3,0,10,21,1,10,2,13,5,2,0,2001,582,41,33,8,541,1419,1369,50,1274,1103,171,759,105,60,45,654,515,462,53,8095,5473,319,144,175,5154,2622,424,{'url': 'https://www.chicago.gov/content/dam/city/sites/covid/reports/hospital-capacity/2020.08.04_COVID-19_ICU_Vent_Capacity_Daily_Report.pdf'},,,
2020-04-21T00:00:00.000,870,36,169,20,148,164,158,151,109,56,64,0,434,429,7,357,13,208,117,36,139,0,1,0,3,0,7,11,14,0,14,22,0,12,2,18,4,0,0,1,5,10,17,33,36,33,34,0,71,98,0,55,4,71,27,10,2,1420,741,314,283,31,427,679,629,50,1160,946,214,900,477,401,76,423,260,176,84,7368,5502,1191,,,4311,1866,1668,{'url': 'https://www.chicago.gov/content/dam/city/sites/covid/reports/hospital-capacity/2020.04.22_COVID-19_ICU_Vent_Capacity_Daily_Report.pdf'},236,115,24
2020-10-16T00:00:00.000,907,2,17,113,225,175,147,129,70,32,15,1,477,422,8,320,13,161,194,24,195,0,0,0,0,0,1,0,1,0,1,1,0,0,0,2,0,0,0,0,1,2,1,3,4,3,3,0,11,5,1,6,0,6,3,1,1,2053,575,36,30,6,539,1478,1428,50,1283,1105,178,855,105,76,29,750,428,366,62,8261,6134,356,183,173,5778,2127,461,{'url': 'https://www.chicago.gov/content/dam/city/sites/covid/reports/hospital-capacity/2020.10.17_COVID-19_ICU_Vent_Capacity_Daily_Report.pdf'},,,
2020-06-01T00:00:00.000,236,21,63,21,51,35,34,35,17,17,26,0,136,99,1,87,8,50,36,12,43,0,0,0,1,2,4,4,10,0,12,9,0,6,1,10,3,0,1,2,4,11,6,9,7,11,13,0,28,35,0,18,1,27,11,1,5,2204,644,223,205,18,421,1560,1510,50,1234,1069,165,770,345,286,59,425,464,394,70,7773,5501,772,495,277,4729,2272,1117,{'url': 'https://www.chicago.gov/content/dam/city/sites/covid/reports/hospital-capacity/2020.06.02_COVID-19_ICU_Vent_Capacity_Daily_Report.pdf'},,,
2020-09-26T00:00:00.000,229,4,19,26,65,48,32,39,11,7,1,0,103,126,0,79,5,12,55,13,65,0,0,1,0,1,1,0,1,0,1,3,0,2,0,1,1,0,0,0,2,5,1,5,1,4,1,0,14,5,0,5,0,4,8,1,1,2052,645,35,25,10,610,1407,1357,50,1283,1105,178,849,73,47,26,776,434,354,80,8261,5972,271,137,134,5701,2289,344,{'url': 'https://www.chicago.gov/content/dam/city/sites/covid/reports/hospital-capacity/2020.09.27_COVID-19_ICU_Vent_Capacity_Daily_Report.pdf'},,,
2020-09-20T00:00:00.000,100,6,18,13,26,26,13,9,5,7,1,0,51,49,0,29,7,13,37,2,12,0,0,0,0,0,3,1,2,0,3,3,0,3,0,1,2,0,0,0,2,2,1,6,3,3,1,0,6,12,0,6,0,7,4,1,0,2051,610,48,44,4,562,1441,1391,50,1283,1105,178,813,104,71,33,709,470,391,79,8258,5712,219,107,112,5493,2546,323,{'url': 'https://www.chicago.gov/content/dam/city/sites/covid/reports/hospital-capacity/2020.09.21_COVID-19_ICU_Vent_Capacity_Daily_Report.pdf'},,,
2020-07-25T00:00:00.000,157,8,22,29,35,33,25,16,7,9,3,0,79,78,0,58,7,33,31,9,19,0,0,0,1,1,3,1,2,0,4,4,0,2,0,3,3,0,0,0,0,3,5,2,6,3,3,0,12,10,0,3,0,11,5,1,2,1990,553,35,25,10,518,1437,1387,50,1274,1103,171,769,107,60,47,662,505,457,48,8055,5483,332,136,196,5151,2572,439,{'url': 'https://www.chicago.gov/content/dam/city/sites/covid/reports/hospital-capacity/2020.07.26_COVID-19_ICU_Vent_Capacity_Daily_Report.pdf'},,,
2020-08-02T00:00:00.000,94,3,20,11,19,29,10,6,12,6,1,0,44,49,1,26,2,27,23,6,10,0,0,0,2,0,0,1,0,0,0,3,0,1,0,1,1,0,0,0,3,9,2,3,2,1,0,0,9,11,0,6,0,8,3,2,1,2000,568,45,31,14,523,1432,1382,50,1268,1097,171,722,101,64,37,621,546,463,83,8095,5536,309,140,169,5227,2559,410,{'url': 'https://www.chicago.gov/content/dam/city/sites/covid/reports/hospital-capacity/2020.08.03_COVID-19_ICU_Vent_Capacity_Daily_Report.pdf'},,,
2020-05-28T00:00:00.000,521,22,68,41,111,89,98,69,62,27,24,0,258,255,8,211,7,114,57,14,118,0,0,0,1,5,1,4,11,0,11,11,0,10,0,7,5,0,0,4,2,10,7,9,15,7,14,0,33,35,0,29,2,23,10,1,3,2214,699,250,230,20,449,1515,1465,50,1326,1160,166,858,385,323,62,473,468,397,71,7768,5762,872,548,324,4890,2006,1257,{'url': 'https://www.chicago.gov/content/dam/city/sites/covid/reports/hospital-capacity/2020.05.29_COVID-19_ICU_Vent_Capacity_Daily_Report.pdf'},,,
2020-08-06T00:00:00.000,347,4,23,38,113,73,51,30,22,11,9,0,177,169,1,138,6,79,76,13,35,0,0,0,0,0,2,1,1,0,3,1,0,1,1,1,1,0,0,2,6,1,1,6,2,1,4,0,13,10,0,6,0,9,6,1,1,2005,575,42,29,13,533,1430,1380,50,1274,1103,171,792,93,59,34,699,482,429,53,8099,5802,353,154,199,5449,2297,446,{'url': 'https://www.chicago.gov/content/dam/city/sites/covid/reports/hospital-capacity/2020.08.07_COVID-19_ICU_Vent_Capacity_Daily_Report.pdf'},,,
2020-09-02T00:00:00.000,397,3,22,40,124,80,64,46,25,12,6,0,220,177,0,159,7,59,86,14,72,0,0,0,0,1,1,0,1,0,1,2,0,1,0,1,1,0,0,0,2,4,4,3,4,1,4,0,10,12,0,10,0,6,6,0,0,2028,675,35,25,10,640,1353,1303,50,1276,1105,171,834,99,64,35,735,442,390,52,8260,5907,319,143,176,5588,2353,418,{'url': 'https://www.chicago.gov/content/dam/city/sites/covid/reports/hospital-capacity/2020.09.03_COVID-19_ICU_Vent_Capacity_Daily_Report.pdf'},,,
2020-07-04T00:00:00.000,62,5,17,8,15,10,13,6,7,2,1,0,32,28,2,12,1,17,12,3,17,0,0,0,0,0,2,1,2,0,1,4,0,4,0,0,0,1,0,2,2,0,1,5,2,3,2,0,9,8,0,1,0,10,1,1,4,2190,723,62,48,14,661,1467,1417,50,1343,1172,171,801,95,72,23,706,542,490,52,8085,5311,335,149,186,4976,2774,430,{'url': 'https://www.chicago.gov/content/dam/city/sites/covid/reports/hospital-capacity/2020.07.05_COVID-19_ICU_Vent_Capacity_Daily_Report.pdf'},,,
2020-09-03T00:00:00.000,331,3,26,36,98,59,49,48,23,13,5,0,176,154,1,138,5,54,82,5,47,0,0,0,0,1,0,0,2,0,1,2,0,3,0,0,0,0,0,0,4,4,2,6,5,3,2,0,13,13,0,11,0,8,4,2,1,2028,575,41,29,12,534,1453,1403,50,1276,1105,171,773,96,56,40,677,503,424,79,8260,5874,310,136,174,5564,2386,406,{'url': 'https://www.chicago.gov/content/dam/city/sites/covid/reports/hospital-capacity/2020.09.04_COVID-19_ICU_Vent_Capacity_Daily_Report.pdf'},,,
2020-05-23T00:00:00.000,328,30,90,31,64,57,54,54,36,18,14,0,176,151,1,124,8,68,32,10,86,0,1,1,1,2,4,9,12,0,16,14,0,9,0,10,11,0,0,3,8,7,14,11,22,9,16,0,37,53,0,34,3,35,8,2,8,2211,754,270,254,16,484,1457,1407,50,1260,1095,165,876,398,345,53,478,384,332,52,7597,5340,909,591,318,4431,2257,1307,{'url': 'https://www.chicago.gov/content/dam/city/sites/covid/reports/hospital-capacity/2020.05.24_COVID-19_ICU_Vent_Capacity_Daily_Report.pdf'},,,
2020-07-26T00:00:00.000,95,6,16,7,23,24,11,16,8,4,2,0,47,48,0,27,3,18,26,3,18,0,0,0,0,1,1,1,3,0,3,3,0,1,0,3,2,0,0,0,1,1,1,6,4,1,2,0,7,9,0,3,0,8,3,1,1,1990,598,42,24,18,556,1392,1342,50,1274,1103,171,787,111,64,47,676,487,444,43,8055,5408,350,137,213,5058,2647,461,{'url': 'https://www.chicago.gov/content/dam/city/sites/covid/reports/hospital-capacity/2020.07.27_COVID-19_ICU_Vent_Capacity_Daily_Report.pdf'},,,
2020-07-05T00:00:00.000,89,3,15,6,29,19,14,11,8,2,0,0,53,35,1,23,0,20,19,7,20,0,0,0,1,1,1,0,0,0,0,3,0,1,0,1,1,0,0,0,2,2,3,3,2,1,2,0,5,10,0,6,1,4,4,0,0,2190,601,56,42,14,545,1589,1539,50,1343,1172,171,772,115,76,39,657,571,495,76,8085,5224,356,147,209,4868,2861,471,{'url': 'https://www.chicago.gov/content/dam/city/sites/covid/reports/hospital-capacity/2020.07.06_COVID-19_ICU_Vent_Capacity_Daily_Report.pdf'},,,
2020-07-09T00:00:00.000,287,7,29,27,94,58,40,34,22,7,5,0,135,151,1,83,4,87,60,9,44,0,0,0,0,1,2,4,0,0,4,3,0,3,0,2,2,0,0,0,4,3,2,10,5,3,2,0,13,16,0,7,2,15,4,0,1,2108,538,70,51,19,468,1570,1520,50,1343,1172,171,850,104,63,41,746,493,443,50,8087,5676,374,191,183,5302,2411,478,{'url': 'https://www.chicago.gov/content/dam/city/sites/covid/reports/hospital-capacity/2020.07.10_COVID-19_ICU_Vent_Capacity_Daily_Report.pdf'},,,
2020-03-23T00:00:00.000,291,3,107,4,46,56,53,56,30,35,11,0,141,150,0,38,13,135,74,11,20,1,1,0,0,0,0,1,0,0,0,3,0,0,0,3,0,0,0,1,5,16,13,18,18,26,10,0,51,55,1,17,5,67,12,5,1,1043,425,76,38,38,349,618,494,124,966,781,185,630,139,55,84,491,336,275,61,6529,4687,,,,,1842,,{'url': 'https://www.chicago.gov/content/dam/city/sites/covid/reports/hospital-capacity/2020.03.24_COVID-19_ICU_Vent_Capacity_Daily_Report.pdf'},,,
2020-03-13T00:00:00.000,32,0,12,0,4,13,5,5,5,0,0,0,8,24,0,4,2,4,18,0,4,0,0,0,0,0,0,0,0,0,0,0,0,0,0,0,0,0,0,0,0,2,1,2,5,2,0,0,6,6,0,2,0,5,5,0,0,,,,,,,,,,,,,,,,,,,,,,,,,,,,,,,,
2020-04-20T00:00:00.000,990,40,184,24,158,182,211,195,122,56,41,1,478,501,11,402,26,249,116,44,153,0,0,1,1,4,6,10,18,0,15,25,0,11,2,15,11,1,0,1,8,15,31,35,38,26,30,0,76,107,1,65,5,70,30,12,2,1400,745,349,307,42,396,655,605,50,1160,946,214,918,472,399,73,446,242,182,60,7368,5529,1228,,,4301,1839,1700,{'url': 'https://www.chicago.gov/content/dam/city/sites/covid/reports/hospital-capacity/2020.04.21_COVID-19_ICU_Vent_Capacity_Daily_Report.pdf'},272,123,24
2020-04-17T00:00:00.000,774,43,149,16,130,125,143,143,118,49,50,0,383,379,12,282,23,206,114,43,106,0,0,1,2,5,7,13,15,0,14,29,0,11,2,19,11,0,0,3,6,12,19,33,31,26,19,0,67,82,0,50,7,57,18,11,6,1419,712,313,276,37,399,707,657,50,1160,946,214,871,473,411,62,398,289,207,82,7369,5329,1053,,,4276,2040,1526,{'url': 'https://www.chicago.gov/content/dam/city/sites/covid/reports/hospital-capacity/2020.04.18_COVID-19_ICU_Vent_Capacity_Daily_Report.pdf'},321,149,35
2020-06-08T00:00:00.000,273,15,40,21,63,48,49,40,24,15,13,0,136,131,6,136,3,44,28,9,53,0,0,1,1,2,2,3,6,0,6,9,0,5,1,5,3,1,0,1,7,2,7,8,5,4,6,0,21,19,0,13,2,14,8,3,0,2179,596,197,155,42,399,1583,1533,50,1327,1148,179,741,300,245,55,441,586,476,110,7868,5176,707,390,317,4469,2692,1007,{'url': 'https://www.chicago.gov/content/dam/city/sites/covid/reports/hospital-capacity/2020.06.09_COVID-19_ICU_Vent_Capacity_Daily_Report.pdf'},,,
2020-10-09T00:00:00.000,653,3,25,65,169,166,97,66,51,27,12,0,320,329,4,225,9,86,150,32,151,0,0,0,1,0,1,0,1,0,1,2,0,1,0,0,1,0,1,2,2,4,4,4,3,3,3,0,14,11,0,6,0,7,8,2,2,2060,624,41,35,6,583,1436,1386,50,1283,1105,178,947,83,60,23,864,336,288,48,8248,6145,313,143,170,5832,2103,396,{'url': 'https://www.chicago.gov/content/dam/city/sites/covid/reports/hospital-capacity/2020.10.10_COVID-19_ICU_Vent_Capacity_Daily_Report.pdf'},,,
2020-05-17T00:00:00.000,326,41,96,17,53,58,37,65,44,22,30,0,156,167,3,138,7,72,31,14,64,0,0,1,1,3,14,9,13,0,16,25,0,18,2,13,7,1,0,0,3,5,10,22,26,17,13,0,45,51,0,36,3,27,17,4,9,2162,748,292,267,25,456,1414,1364,50,1514,1283,231,1133,432,374,58,701,381,315,66,7872,5939,1063,754,309,4876,1933,1495,{'url': 'https://www.chicago.gov/content/dam/city/sites/covid/reports/hospital-capacity/2020.05.18_COVID-19_ICU_Vent_Capacity_Daily_Report.pdf'},184,69,2
2020-05-11T00:00:00.000,1013,38,127,62,205,198,193,142,113,69,31,0,511,488,14,525,14,157,83,29,205,0,0,1,3,6,3,6,19,0,14,24,0,16,0,15,7,0,0,5,5,10,17,24,25,28,13,0,51,74,2,50,3,40,22,7,5,2115,739,330,306,24,409,1376,1326,50,1436,1206,230,1176,492,437,55,684,260,210,50,7593,5790,1237,929,308,4553,1803,1729,{'url': 'https://www.chicago.gov/content/dam/city/sites/covid/reports/hospital-capacity/2020.05.12_COVID-19_ICU_Vent_Capacity_Daily_Report.pdf'},296,297,2
2020-09-23T00:00:00.000,380,5,25,48,117,84,56,38,26,6,5,0,184,187,9,149,6,46,72,20,87,0,0,0,1,0,0,2,2,0,2,3,0,0,0,4,1,0,0,1,4,5,4,4,3,2,2,0,17,8,0,10,0,4,8,2,1,2056,562,46,35,11,516,1494,1444,50,1283,1105,178,862,108,56,52,754,421,370,51,8259,6081,327,129,198,5754,2178,435,{'url': 'https://www.chicago.gov/content/dam/city/sites/covid/reports/hospital-capacity/2020.09.24_COVID-19_ICU_Vent_Capacity_Daily_Report.pdf'},,,
2020-07-02T00:00:00.000,254,6,25,25,80,43,39,28,21,10,8,0,144,110,0,80,5,62,50,6,51,0,0,0,0,1,1,1,3,0,3,3,0,3,0,2,1,0,0,1,5,4,4,2,4,1,4,0,12,13,0,6,0,8,6,3,2,2185,664,75,62,13,589,1521,1471,50,1343,1172,171,840,120,85,35,720,503,457,46,8085,5568,378,183,195,5190,2517,498,{'url': 'https://www.chicago.gov/content/dam/city/sites/covid/reports/hospital-capacity/2020.07.03_COVID-19_ICU_Vent_Capacity_Daily_Report.pdf'},,,
2020-07-29T00:00:00.000,443,3,20,56,130,94,67,50,28,12,6,0,229,207,7,179,7,97,87,20,53,0,0,0,1,0,1,0,1,0,2,1,0,1,0,2,0,0,0,1,3,1,8,2,3,1,1,0,7,13,0,8,0,8,2,2,0,2011,513,44,28,16,469,1498,1448,50,1268,1097,171,761,105,64,41,656,507,443,64,8060,5506,333,145,188,5173,2554,438,{'url': 'https://www.chicago.gov/content/dam/city/sites/covid/reports/hospital-capacity/2020.07.30_COVID-19_ICU_Vent_Capacity_Daily_Report.pdf'},,,
2020-09-25T00:00:00.000,369,3,31,44,97,76,65,44,25,12,6,0,194,170,5,164,8,51,46,11,89,0,0,0,1,1,0,0,1,0,1,2,0,1,0,2,0,0,0,1,5,7,9,2,4,3,0,0,16,15,0,13,0,8,5,2,3,2052,575,33,25,8,542,1477,1427,50,1283,1105,178,896,79,47,32,817,387,329,58,8261,6204,321,145,176,5883,2057,400,{'url': 'https://www.chicago.gov/content/dam/city/sites/covid/reports/hospital-capacity/2020.09.26_COVID-19_ICU_Vent_Capacity_Daily_Report.pdf'},,,
2020-08-26T00:00:00.000,380,3,36,47,123,81,41,44,23,12,9,0,194,185,1,189,5,43,85,18,40,0,0,0,1,0,0,1,1,0,0,3,0,1,0,1,1,0,0,1,4,4,4,8,5,5,5,0,23,13,0,15,1,8,5,5,2,2035,603,42,32,10,561,1432,1382,50,1278,1107,171,807,108,62,46,699,471,408,63,8099,5994,282,107,175,5712,2105,390,{'url': 'https://www.chicago.gov/content/dam/city/sites/covid/reports/hospital-capacity/2020.08.27_COVID-19_ICU_Vent_Capacity_Daily_Report.pdf'},,,
2020-06-15T00:00:00.000,235,20,32,36,57,42,34,30,25,9,2,0,131,102,2,101,5,50,20,9,50,0,0,0,1,1,2,5,11,0,9,11,0,5,2,4,8,0,1,4,6,3,2,5,8,0,4,0,21,11,0,12,1,11,7,0,1,2220,660,152,136,16,508,1560,1510,50,1304,1133,171,737,211,161,50,526,567,499,68,7937,5057,514,259,255,4543,2880,725,{'url': 'https://www.chicago.gov/content/dam/city/sites/covid/reports/hospital-capacity/2020.06.16_COVID-19_ICU_Vent_Capacity_Daily_Report.pdf'},,,
2020-10-06T00:00:00.000,534,2,26,57,161,103,91,71,29,17,5,0,277,255,2,177,12,61,127,25,132,0,0,0,0,0,1,0,1,0,1,1,0,0,0,1,1,0,0,1,4,4,5,3,6,3,0,0,8,18,0,10,1,7,6,2,0,2060,607,34,28,6,573,1453,1403,50,1283,1105,178,890,83,58,25,807,393,345,48,8248,5868,292,139,153,5576,2380,375,{'url': 'https://www.chicago.gov/content/dam/city/sites/covid/reports/hospital-capacity/2020.10.07_COVID-19_ICU_Vent_Capacity_Daily_Report.pdf'},,,
2020-08-01T00:00:00.000,141,5,22,7,45,27,18,24,11,6,3,0,69,72,0,48,0,32,32,6,23,0,0,0,0,1,0,2,2,0,3,2,0,2,0,2,1,0,0,0,4,2,6,4,0,4,2,0,11,11,0,9,0,10,2,0,1,2001,619,37,29,8,582,1382,1332,50,1268,1097,171,764,100,70,30,664,504,432,72,8075,5761,304,134,170,5457,2314,404,{'url': 'https://www.chicago.gov/content/dam/city/sites/covid/reports/hospital-capacity/2020.08.02_COVID-19_ICU_Vent_Capacity_Daily_Report.pdf'},,,
2020-06-22T00:00:00.000,219,9,30,23,60,35,37,27,19,15,3,0,113,105,1,99,3,44,27,5,41,0,1,0,0,2,3,1,2,0,5,4,0,7,0,1,1,0,0,1,4,5,4,5,4,4,3,0,14,16,0,15,0,12,3,0,0,2183,603,98,81,17,505,1580,1530,50,1288,1117,171,755,164,118,46,591,533,481,52,7963,5196,498,232,266,4698,2767,662,{'url': 'https://www.chicago.gov/content/dam/city/sites/covid/reports/hospital-capacity/2020.06.23_COVID-19_ICU_Vent_Capacity_Daily_Report.pdf'},,,
2020-06-07T00:00:00.000,110,20,32,3,30,29,16,13,8,7,4,0,52,58,0,43,3,22,9,4,29,0,0,1,2,1,8,1,7,0,7,13,0,10,0,8,2,0,0,0,6,6,5,5,5,5,0,0,18,14,0,16,2,9,1,2,2,2178,699,185,169,16,514,1479,1429,50,1320,1141,179,800,280,226,54,520,520,452,68,7776,5231,607,368,239,4624,2545,887,{'url': 'https://www.chicago.gov/content/dam/city/sites/covid/reports/hospital-capacity/2020.06.08_COVID-19_ICU_Vent_Capacity_Daily_Report.pdf'},,,
2020-07-06T00:00:00.000,284,5,31,22,81,66,41,36,21,11,6,0,150,127,7,87,12,66,46,7,66,0,0,0,0,1,2,0,2,0,4,1,0,1,0,2,2,0,0,1,3,3,5,7,3,5,4,0,17,14,0,4,1,16,7,0,3,2186,525,67,53,14,458,1661,1611,50,1343,1172,171,792,120,76,44,672,551,488,63,8085,5296,343,180,163,4953,2789,463,{'url': 'https://www.chicago.gov/content/dam/city/sites/covid/reports/hospital-capacity/2020.07.07_COVID-19_ICU_Vent_Capacity_Daily_Report.pdf'},,,
2020-03-24T00:00:00.000,350,2,122,1,59,67,58,56,61,34,14,0,158,191,1,63,13,156,84,9,25,0,0,0,0,0,2,0,0,0,0,2,0,1,0,1,0,0,0,1,3,11,14,29,28,22,14,0,50,72,0,23,0,74,18,5,2,1043,461,102,52,50,359,582,458,124,966,781,185,674,159,60,99,515,292,230,62,6538,4702,,,,,1836,,{'url': 'https://www.chicago.gov/content/dam/city/sites/covid/reports/hospital-capacity/2020.03.25_COVID-19_ICU_Vent_Capacity_Daily_Report.pdf'},,,
2020-09-04T00:00:00.000,384,2,25,58,101,79,51,37,32,16,10,0,201,181,2,183,11,67,74,9,40,0,0,0,0,0,0,1,1,0,1,1,0,0,0,1,1,0,0,0,4,1,3,3,3,5,6,0,18,7,0,10,1,10,3,0,1,2026,562,36,28,8,526,1464,1414,50,1276,1105,171,754,92,62,30,662,522,440,82,8260,5842,279,133,146,5563,2418,371,{'url': 'https://www.chicago.gov/content/dam/city/sites/covid/reports/hospital-capacity/2020.09.05_COVID-19_ICU_Vent_Capacity_Daily_Report.pdf'},,,
2020-07-20T00:00:00.000,390,5,23,53,92,90,55,46,36,14,4,0,196,190,4,161,9,85,69,16,50,0,0,1,1,0,2,1,0,0,2,3,0,3,0,1,1,0,0,1,2,3,2,3,6,5,1,0,16,7,0,8,0,14,0,0,1,1986,517,54,41,13,463,1469,1419,50,1346,1175,171,785,90,60,30,695,561,504,57,8046,5409,394,155,239,5015,2637,484,{'url': 'https://www.chicago.gov/content/dam/city/sites/covid/reports/hospital-capacity/2020.07.21_COVID-19_ICU_Vent_Capacity_Daily_Report.pdf'},,,
2020-05-13T00:00:00.000,876,45,126,56,188,166,163,135,96,40,32,0,449,420,7,420,15,123,69,28,221,0,0,2,3,4,13,10,13,0,17,28,0,18,5,14,6,1,1,2,6,8,17,24,34,22,13,0,64,62,0,46,2,54,11,4,9,2106,756,325,304,21,431,1350,1300,50,1407,1177,230,1173,474,425,49,699,234,185,49,7612,5937,1188,851,337,4749,1675,1662,{'url': 'https://www.chicago.gov/content/dam/city/sites/covid/reports/hospital-capacity/2020.05.14_COVID-19_ICU_Vent_Capacity_Daily_Report.pdf'},322,292,22
2020-08-21T00:00:00.000,414,5,19,58,133,81,45,54,29,11,3,0,229,182,3,220,15,55,67,17,40,0,0,0,1,1,1,1,1,0,3,2,0,4,0,0,1,0,0,1,0,1,3,5,3,2,4,0,10,9,0,10,0,5,2,2,0,2035,549,40,31,9,509,1486,1436,50,1278,1107,171,760,91,62,29,669,518,459,59,8099,5855,286,109,177,5569,2244,377,{'url': 'https://www.chicago.gov/content/dam/city/sites/covid/reports/hospital-capacity/2020.08.22_COVID-19_ICU_Vent_Capacity_Daily_Report.pdf'},,,
2020-10-02T00:00:00.000,397,3,25,44,99,93,56,42,24,29,10,0,197,199,1,159,7,40,81,21,89,0,0,0,0,1,0,2,0,0,1,2,0,1,0,1,1,0,0,0,3,4,3,3,4,4,4,0,13,11,1,6,2,8,7,1,1,2047,567,33,26,7,534,1480,1430,50,1283,1105,178,869,75,50,25,794,414,336,78,8248,5966,283,139,144,5683,2282,358,{'url': 'https://www.chicago.gov/content/dam/city/sites/covid/reports/hospital-capacity/2020.10.03_COVID-19_ICU_Vent_Capacity_Daily_Report.pdf'},,,
2020-05-06T00:00:00.000,976,43,139,55,191,162,213,169,95,53,38,0,473,469,34,462,13,147,89,40,225,0,0,1,3,5,11,9,14,0,14,29,0,13,5,13,12,0,0,2,2,10,22,24,32,26,21,0,63,76,0,46,1,50,25,15,2,2137,1117,321,303,18,796,1020,970,50,1431,1201,230,1120,480,442,38,640,311,238,73,7576,5937,1191,,,4746,1639,1671,{'url': 'https://www.chicago.gov/content/dam/city/sites/covid/reports/hospital-capacity/2020.05.07_COVID-19_ICU_Vent_Capacity_Daily_Report.pdf'},301,102,28
2020-09-19T00:00:00.000,166,2,19,11,48,39,23,24,16,2,3,0,86,78,2,63,1,17,37,13,35,0,0,0,0,0,0,0,2,0,1,1,0,0,0,1,1,0,0,2,1,1,1,4,5,2,3,0,12,6,1,9,0,8,1,1,0,2057,658,42,38,4,616,1399,1349,50,1283,1105,178,868,84,65,19,784,415,339,76,8258,6002,214,105,109,5788,2256,298,{'url': 'https://www.chicago.gov/content/dam/city/sites/covid/reports/hospital-capacity/2020.09.20_COVID-19_ICU_Vent_Capacity_Daily_Report.pdf'},,,
2020-04-26T00:00:00.000,434,51,132,13,84,54,96,66,57,32,32,0,229,202,3,150,18,90,60,23,93,0,1,0,4,3,13,11,19,0,22,29,0,18,2,23,8,0,0,0,11,7,22,23,28,19,22,0,58,74,0,53,3,37,28,10,1,1778,840,341,305,36,499,938,888,50,1366,1152,214,1118,524,437,87,594,248,175,73,7528,5620,1161,,,4459,1908,1685,{'url': 'https://www.chicago.gov/content/dam/city/sites/covid/reports/hospital-capacity/2020.04.27_COVID-19_ICU_Vent_Capacity_Daily_Report.pdf'},368,115,24
2020-04-29T00:00:00.000,1154,42,160,54,209,231,219,202,118,62,59,0,534,589,31,515,17,174,113,46,289,0,1,1,4,4,5,8,19,0,20,22,0,16,3,13,10,0,0,0,12,11,23,25,34,22,33,0,80,80,0,58,4,48,35,9,6,1999,1017,342,328,14,675,982,932,50,1333,1119,214,1055,511,443,68,544,278,203,75,7546,5686,1253,,,4433,1860,1764,{'url': 'https://www.chicago.gov/content/dam/city/sites/covid/reports/hospital-capacity/2020.04.30_COVID-19_ICU_Vent_Capacity_Daily_Report.pdf'},336,112,25
2020-06-16T00:00:00.000,212,11,24,18,60,37,32,32,21,3,9,0,118,92,2,75,5,52,21,5,54,0,1,0,2,3,1,2,2,0,5,6,0,9,0,1,1,0,0,1,4,2,3,3,5,2,4,0,16,8,0,7,1,12,3,0,1,2208,678,147,132,15,531,1530,1480,50,1297,1126,171,775,205,164,41,570,522,465,57,7967,5359,520,270,250,4839,2608,725,{'url': 'https://www.chicago.gov/content/dam/city/sites/covid/reports/hospital-capacity/2020.06.17_COVID-19_ICU_Vent_Capacity_Daily_Report.pdf'},,,
2020-03-28T00:00:00.000,250,4,134,2,28,54,37,44,38,28,19,0,138,111,1,37,5,135,42,10,21,0,0,0,0,2,0,1,1,0,1,3,0,1,0,2,1,0,0,1,5,11,18,33,21,23,22,0,72,62,0,22,3,87,15,6,1,1053,495,180,121,59,315,558,434,124,970,785,185,743,272,156,116,471,227,191,36,6580,4796,,,,,1784,,{'url': 'https://www.chicago.gov/content/dam/city/sites/covid/reports/hospital-capacity/2020.03.29_COVID-19_ICU_Vent_Capacity_Daily_Report.pdf'},213,183,17
2020-06-30T00:00:00.000,265,3,30,25,92,59,39,24,15,5,6,0,135,129,1,107,3,53,48,3,51,0,0,0,0,0,1,2,0,0,2,1,0,1,0,1,1,0,0,1,4,3,3,4,8,2,5,0,16,14,0,11,0,11,6,0,2,2202,621,85,70,15,536,1581,1531,50,1270,1099,171,723,140,96,44,583,547,480,67,8083,5373,389,188,201,4984,2710,529,{'url': 'https://www.chicago.gov/content/dam/city/sites/covid/reports/hospital-capacity/2020.06.31_COVID-19_ICU_Vent_Capacity_Daily_Report.pdf'},,,
2020-07-21T00:00:00.000,287,1,34,25,82,57,55,29,22,8,9,0,140,147,0,91,3,88,52,17,36,0,0,0,0,0,1,0,0,0,1,0,0,1,0,0,0,0,0,0,6,6,6,1,7,4,4,0,17,17,0,7,1,15,8,1,2,1989,559,53,37,16,506,1430,1380,50,1346,1175,171,819,90,52,38,729,527,465,62,8046,5631,374,162,212,5257,2415,464,{'url': 'https://www.chicago.gov/content/dam/city/sites/covid/reports/hospital-capacity/2020.07.22_COVID-19_ICU_Vent_Capacity_Daily_Report.pdf'},,,
2020-03-06T00:00:00.000,3,0,3,0,0,0,2,0,1,0,0,0,0,3,0,0,0,0,2,1,0,0,0,0,0,0,0,0,0,0,0,0,0,0,0,0,0,0,0,0,0,0,1,1,0,1,0,0,1,2,0,1,0,1,1,0,0,,,,,,,,,,,,,,,,,,,,,,,,,,,,,,,,
2020-05-10T00:00:00.000,307,39,100,17,60,52,64,42,41,14,17,0,138,168,1,121,7,64,38,14,63,0,0,1,3,2,11,8,14,0,15,24,0,16,1,15,6,1,0,2,7,7,18,9,31,15,11,0,37,62,1,44,4,32,12,6,2,2094,812,322,302,20,490,1282,1232,50,1427,1197,230,1146,496,438,58,650,281,209,72,7591,5813,1069,767,302,4744,1778,1565,{'url': 'https://www.chicago.gov/content/dam/city/sites/covid/reports/hospital-capacity/2020.05.11_COVID-19_ICU_Vent_Capacity_Daily_Report.pdf'},267,116,23
2020-10-13T00:00:00.000,862,4,27,87,245,192,130,107,58,24,19,0,433,426,3,335,14,116,155,39,203,0,0,0,0,0,2,2,0,0,1,3,0,1,0,2,1,0,0,1,2,2,6,3,6,4,3,0,15,12,0,8,1,6,8,1,3,2053,602,36,32,4,566,1451,1401,50,1283,1105,178,884,91,65,26,793,399,349,50,8261,6005,360,174,186,5645,2256,451,{'url': 'https://www.chicago.gov/content/dam/city/sites/covid/reports/hospital-capacity/2020.10.14_COVID-19_ICU_Vent_Capacity_Daily_Report.pdf'},,,
2020-04-19T00:00:00.000,460,35,161,7,66,61,66,75,75,50,60,0,209,249,2,141,20,172,55,24,48,0,0,0,3,7,8,5,12,0,11,24,0,13,3,13,4,2,0,2,13,8,16,36,30,30,26,0,71,89,1,57,7,62,23,9,3,1409,732,323,289,34,409,677,627,50,1160,946,214,905,486,399,87,419,255,190,65,7369,5524,1128,,,4396,1845,1614,{'url': 'https://www.chicago.gov/content/dam/city/sites/covid/reports/hospital-capacity/2020.04.20_COVID-19_ICU_Vent_Capacity_Daily_Report.pdf'},238,119,6
2020-10-03T00:00:00.000,215,4,31,25,52,43,33,27,20,9,6,0,114,101,0,67,4,33,42,7,62,0,0,0,0,1,1,0,2,0,2,2,0,3,0,1,0,0,0,0,2,5,2,4,10,4,4,0,16,15,0,12,0,12,6,0,1,2063,625,27,21,6,598,1438,1388,50,1283,1105,178,912,82,45,37,830,371,343,28,8248,5995,268,134,134,5727,2253,350,{'url': 'https://www.chicago.gov/content/dam/city/sites/covid/reports/hospital-capacity/2020.10.04_COVID-19_ICU_Vent_Capacity_Daily_Report.pdf'},,,
2020-10-21T00:00:00.000,55,1,,3,11,13,7,11,6,3,1,0,30,25,0,6,1,24,12,3,9,0,0,0,0,0,0,0,1,0,0,1,0,0,0,0,0,1,0,,,,,,,,,,,,,,,,,,,2065,593,56,47,9,537,1472,1422,50,1275,1097,178,887,119,86,33,768,388,326,62,8245,6215,460,232,228,5755,2030,579,{'url': 'https://www.chicago.gov/content/dam/city/sites/covid/reports/hospital-capacity/2020.10.22_COVID-19_ICU_Vent_Capacity_Daily_Report.pdf'},,,
2020-08-15T00:00:00.000,222,5,23,18,65,41,29,35,21,11,2,0,105,115,2,76,7,51,60,6,22,0,0,0,1,0,0,2,2,0,3,2,0,0,0,3,2,0,0,1,4,2,0,6,3,5,2,0,12,11,0,7,0,10,5,1,0,2030,558,36,28,8,522,1472,1422,50,1278,1107,171,750,94,58,36,656,528,460,68,8075,5926,348,124,224,5578,2149,442,{'url': 'https://www.chicago.gov/content/dam/city/sites/covid/reports/hospital-capacity/2020.08.16_COVID-19_ICU_Vent_Capacity_Daily_Report.pdf'},,,
2020-04-25T00:00:00.000,634,38,118,32,121,120,132,106,67,32,24,0,307,324,3,265,14,106,78,23,148,0,0,2,1,6,6,11,12,0,14,24,0,12,2,19,5,0,0,0,6,12,12,26,28,19,15,0,52,66,0,46,3,40,18,11,0,1684,419,323,285,38,96,1265,1215,50,1366,1152,214,1092,508,422,86,584,274,202,72,7502,5598,1111,,,4487,1904,1619,{'url': 'https://www.chicago.gov/content/dam/city/sites/covid/reports/hospital-capacity/2020.04.26_COVID-19_ICU_Vent_Capacity_Daily_Report.pdf'},326,121,39
2020-03-14T00:00:00.000,31,0,11,0,9,2,7,6,3,3,1,0,17,12,2,2,2,10,17,0,0,0,0,0,0,0,0,0,0,0,0,0,0,0,0,0,0,0,0,0,0,0,1,2,2,3,3,0,8,3,0,3,0,5,3,0,0,,,,,,,,,,,,,,,,,,,,,,,,,,,,,,,,
2020-08-16T00:00:00.000,121,3,16,10,40,29,9,15,10,6,1,1,56,63,2,27,6,17,41,9,21,0,0,1,0,1,0,1,0,0,2,1,0,0,0,1,2,0,0,0,6,0,1,1,5,1,2,0,10,5,1,9,1,5,0,0,1,2029,635,36,30,6,599,1394,1344,50,1278,1107,171,744,88,65,23,656,534,460,74,8075,5788,336,121,215,5452,2287,424,{'url': 'https://www.chicago.gov/content/dam/city/sites/covid/reports/hospital-capacity/2020.08.17_COVID-19_ICU_Vent_Capacity_Daily_Report.pdf'},,,
2020-10-17T00:00:00.000,515,3,19,68,134,105,85,57,41,17,7,1,254,260,1,201,11,69,91,23,120,0,0,0,1,0,1,0,1,0,1,2,0,2,0,1,0,0,0,0,3,3,3,1,3,4,2,0,11,7,1,7,0,7,3,0,2,2053,711,32,26,6,679,1342,1292,50,1278,1100,178,898,93,64,29,805,380,313,67,8261,6237,316,147,169,5921,2024,409,{'url': 'https://www.chicago.gov/content/dam/city/sites/covid/reports/hospital-capacity/2020.10.18_COVID-19_ICU_Vent_Capacity_Daily_Report.pdf'},,,
2020-07-27T00:00:00.000,363,1,20,51,102,66,50,40,30,14,10,0,193,166,4,173,12,79,51,9,39,0,0,0,0,0,0,1,0,0,1,0,0,1,0,0,0,0,0,0,3,3,1,4,1,2,6,0,8,12,0,6,2,8,3,0,1,1990,551,39,27,12,512,1439,1389,50,1274,1103,171,745,98,65,33,647,529,477,52,8060,5555,348,143,205,5207,2505,446,{'url': 'https://www.chicago.gov/content/dam/city/sites/covid/reports/hospital-capacity/2020.07.28_COVID-19_ICU_Vent_Capacity_Daily_Report.pdf'},,,
2020-08-10T00:00:00.000,378,2,31,41,108,69,64,49,24,18,5,0,186,191,1,184,8,59,68,13,46,0,0,0,0,0,0,1,1,0,1,1,0,1,0,0,1,0,0,3,5,1,3,5,5,6,3,0,16,15,0,4,2,9,12,1,3,1995,580,41,28,13,539,1415,1365,50,1274,1103,171,724,86,56,30,638,550,460,90,8099,5644,392,141,251,5252,2455,478,{'url': 'https://www.chicago.gov/content/dam/city/sites/covid/reports/hospital-capacity/2020.08.11_COVID-19_ICU_Vent_Capacity_Daily_Report.pdf'},,,
2020-05-22T00:00:00.000,725,35,95,64,155,135,125,112,74,35,25,0,369,346,10,349,10,145,61,28,132,0,0,0,1,6,9,8,11,0,16,19,0,11,2,14,8,0,0,1,8,13,10,11,18,18,16,0,39,55,1,39,4,35,10,0,7,2214,668,275,251,24,393,1546,1496,50,1260,1095,165,847,407,356,51,440,413,346,67,7599,5554,982,646,336,4572,2045,1389,{'url': 'https://www.chicago.gov/content/dam/city/sites/covid/reports/hospital-capacity/2020.05.23_COVID-19_ICU_Vent_Capacity_Daily_Report.pdf'},,,
2020-03-19T00:00:00.000,184,2,39,5,34,47,36,25,18,17,2,0,85,97,2,20,10,79,63,7,5,0,0,0,0,0,0,1,1,0,1,1,0,0,0,1,1,0,0,0,1,2,8,9,6,11,2,0,16,22,1,4,1,25,8,1,0,960,388,13,4,9,375,572,448,124,971,786,185,756,69,26,43,687,215,170,45,6516,5000,,,,,1516,,{'url': 'https://www.chicago.gov/content/dam/city/sites/covid/reports/hospital-capacity/2020.03.20_COVID-19_ICU_Vent_Capacity_Daily_Report.pdf'},,,
2020-10-14T00:00:00.000,806,3,16,71,235,196,127,90,59,20,8,0,440,364,2,300,15,117,152,33,189,0,0,0,0,0,0,1,2,0,2,1,0,1,0,0,2,0,0,1,0,0,3,3,2,3,4,0,6,10,0,4,0,8,4,0,0,2053,580,35,30,5,545,1473,1423,50,1283,1105,178,900,83,60,23,817,383,315,68,8261,6244,352,167,185,5892,2017,435,{'url': 'https://www.chicago.gov/content/dam/city/sites/covid/reports/hospital-capacity/2020.10.15_COVID-19_ICU_Vent_Capacity_Daily_Report.pdf'},,,
2020-03-16T00:00:00.000,78,1,17,1,14,21,18,12,7,4,1,0,37,41,0,8,6,25,30,0,9,0,0,0,0,0,1,0,0,0,1,0,0,0,0,1,0,0,0,0,2,0,7,3,2,2,1,0,4,13,0,2,0,11,4,0,0,,,,,,,,,,,,,,,,,,,,,,,,,,,,,,,,
2020-06-25T00:00:00.000,248,11,23,21,69,65,37,21,20,11,4,0,123,125,0,85,3,57,42,10,51,0,0,1,3,0,2,2,3,0,6,5,0,7,0,3,1,0,0,0,3,1,4,4,4,6,1,0,13,10,0,6,0,13,2,1,1,2188,673,94,78,16,579,1515,1465,50,1288,1117,171,750,151,103,48,599,538,487,51,7961,5377,419,218,201,4958,2584,570,{'url': 'https://www.chicago.gov/content/dam/city/sites/covid/reports/hospital-capacity/2020.06.26_COVID-19_ICU_Vent_Capacity_Daily_Report.pdf'},,,
2020-04-10T00:00:00.000,571,32,158,22,79,102,98,108,85,42,35,0,251,309,11,164,26,212,76,26,67,0,0,1,3,3,3,9,13,0,11,21,0,3,2,24,3,0,0,0,10,10,22,19,39,28,30,0,63,94,1,50,4,71,22,10,1,1291,626,313,269,44,313,665,615,50,1164,950,214,893,450,361,89,443,271,215,56,7243,5246,972,,,4274,1997,1422,{'url': 'https://www.chicago.gov/content/dam/city/sites/covid/reports/hospital-capacity/2020.04.11_COVID-19_ICU_Vent_Capacity_Daily_Report.pdf'},297,151,32
2020-08-28T00:00:00.000,376,4,28,64,105,60,49,48,30,15,5,0,178,197,1,164,7,66,70,16,53,0,0,1,0,1,0,2,0,0,4,0,0,2,0,2,0,0,0,1,3,1,8,3,3,5,4,0,14,14,0,9,0,13,3,2,1,2027,498,30,25,5,468,1529,1479,50,1278,1107,171,799,91,60,31,708,479,409,70,8099,5834,315,138,177,5519,2265,406,{'url': 'https://www.chicago.gov/content/dam/city/sites/covid/reports/hospital-capacity/2020.08.29_COVID-19_ICU_Vent_Capacity_Daily_Report.pdf'},,,
2020-06-13T00:00:00.000,121,18,25,13,26,19,14,22,14,7,6,0,66,55,0,46,0,22,17,8,28,0,0,0,0,3,5,5,5,0,11,7,0,3,1,6,8,0,0,1,3,1,7,2,5,1,5,0,15,10,0,10,0,9,5,1,0,2197,645,146,133,13,499,1552,1502,50,1301,1130,171,790,219,182,37,571,511,464,47,7929,5199,474,262,212,4725,2730,693,{'url': 'https://www.chicago.gov/content/dam/city/sites/covid/reports/hospital-capacity/2020.06.14_COVID-19_ICU_Vent_Capacity_Daily_Report.pdf'},,,
2020-09-14T00:00:00.000,422,3,20,62,103,91,65,57,27,9,8,0,220,201,1,186,9,61,86,7,73,0,0,0,0,1,0,1,1,0,1,2,0,3,0,0,0,0,0,2,3,1,3,3,4,2,2,0,8,12,0,8,0,8,4,0,0,2033,559,37,29,8,522,1474,1424,50,1276,1105,171,779,74,49,25,705,497,426,71,8258,5865,243,92,151,5622,2393,317,{'url': 'https://www.chicago.gov/content/dam/city/sites/covid/reports/hospital-capacity/2020.09.15_COVID-19_ICU_Vent_Capacity_Daily_Report.pdf'},,,
2020-08-30T00:00:00.000,101,4,22,11,24,16,18,15,8,4,5,0,50,50,1,27,1,22,32,4,15,0,0,0,0,0,0,3,1,0,3,1,0,1,0,3,0,0,0,2,2,1,2,4,4,2,5,0,8,13,1,6,0,9,5,0,2,2027,723,41,31,10,682,1304,1254,50,1278,1107,171,793,90,65,25,703,485,408,77,8099,5793,283,117,166,5510,2306,373,{'url': 'https://www.chicago.gov/content/dam/city/sites/covid/reports/hospital-capacity/2020.08.31_COVID-19_ICU_Vent_Capacity_Daily_Report.pdf'},,,
2020-08-24T00:00:00.000,526,3,28,87,126,104,91,64,30,17,7,0,271,248,7,289,9,59,90,17,62,0,0,0,0,0,0,2,1,0,0,3,0,1,0,1,1,0,0,3,3,6,2,4,4,2,4,0,10,18,0,8,2,10,6,2,0,2053,460,41,32,9,419,1593,1543,50,1278,1107,171,752,90,59,31,662,526,463,63,8099,5728,268,122,146,5460,2371,358,{'url': 'https://www.chicago.gov/content/dam/city/sites/covid/reports/hospital-capacity/2020.08.25_COVID-19_ICU_Vent_Capacity_Daily_Report.pdf'},,,
2020-09-22T00:00:00.000,330,2,31,39,100,66,47,36,20,12,10,0,163,162,5,144,8,45,65,10,58,0,0,0,0,1,0,0,1,0,2,0,0,1,0,1,0,0,0,0,4,4,3,5,8,5,2,0,14,17,0,13,0,10,5,3,0,2051,567,45,33,12,522,1484,1434,50,1283,1105,178,854,76,48,28,778,429,362,67,8259,6030,292,134,158,5738,2229,368,{'url': 'https://www.chicago.gov/content/dam/city/sites/covid/reports/hospital-capacity/2020.09.23_COVID-19_ICU_Vent_Capacity_Daily_Report.pdf'},,,
2020-09-28T00:00:00.000,413,2,28,55,100,77,67,50,38,14,12,0,214,197,2,177,2,48,66,11,109,0,0,0,1,0,1,0,0,0,0,2,0,1,0,1,0,0,0,0,4,1,3,4,7,4,5,0,14,14,0,7,1,10,7,2,1,2048,536,41,31,10,495,1512,1462,50,1283,1105,178,836,86,49,37,750,447,380,67,8261,5855,252,144,108,5603,2406,338,{'url': 'https://www.chicago.gov/content/dam/city/sites/covid/reports/hospital-capacity/2020.09.29_COVID-19_ICU_Vent_Capacity_Daily_Report.pdf'},,,
2020-10-15T00:00:00.000,837,2,15,83,242,187,111,106,63,30,15,0,424,411,2,311,17,94,149,24,242,0,0,0,0,1,1,0,0,0,1,1,0,0,0,2,0,0,0,1,1,3,2,1,2,2,3,0,9,6,0,2,0,8,4,1,0,2053,553,38,33,5,515,1500,1450,50,1283,1105,178,925,95,69,26,830,358,317,41,8261,6247,334,177,157,5913,2014,429,{'url': 'https://www.chicago.gov/content/dam/city/sites/covid/reports/hospital-capacity/2020.10.16_COVID-19_ICU_Vent_Capacity_Daily_Report.pdf'},,,
2020-08-27T00:00:00.000,371,2,26,39,125,74,58,32,24,10,9,0,201,168,2,176,5,58,75,19,38,0,0,0,0,0,2,0,0,0,0,2,0,0,0,1,1,0,0,0,5,3,5,2,3,5,3,0,21,5,0,11,0,6,5,3,1,2028,570,34,28,6,536,1458,1408,50,1278,1107,171,814,97,66,31,717,464,407,57,8099,5906,320,126,194,5586,2193,417,{'url': 'https://www.chicago.gov/content/dam/city/sites/covid/reports/hospital-capacity/2020.08.28_COVID-19_ICU_Vent_Capacity_Daily_Report.pdf'},,,
2020-05-21T00:00:00.000,804,34,109,75,177,137,120,122,79,51,43,0,417,369,18,366,24,132,54,29,199,0,0,1,0,3,13,11,6,0,14,20,0,17,1,6,10,0,0,1,9,12,16,17,23,20,11,0,54,55,0,43,8,40,8,6,4,2216,729,273,252,21,456,1487,1437,50,1258,1093,165,911,420,361,59,491,347,282,65,7592,5583,992,646,346,4591,2009,1412,{'url': 'https://www.chicago.gov/content/dam/city/sites/covid/reports/hospital-capacity/2020.05.22_COVID-19_ICU_Vent_Capacity_Daily_Report.pdf'},,,
2020-04-05T00:00:00.000,292,26,146,3,31,50,49,73,42,20,24,0,127,162,3,71,11,109,54,11,36,0,0,0,2,5,2,10,7,0,8,18,0,5,0,18,3,0,0,0,3,11,24,35,25,25,23,0,56,89,1,31,9,80,17,6,3,1259,656,303,223,80,353,603,553,50,979,799,180,681,409,283,126,272,298,229,69,6523,4484,850,,,3634,2039,1259,{'url': 'https://www.chicago.gov/content/dam/city/sites/covid/reports/hospital-capacity/2020.04.06_COVID-19_ICU_Vent_Capacity_Daily_Report.pdf'},226,167,24
2020-06-27T00:00:00.000,130,5,15,11,41,21,24,13,10,7,3,0,64,65,1,44,2,33,21,6,24,0,0,0,0,0,1,2,2,0,4,1,0,1,0,3,1,0,0,1,4,0,2,1,4,0,3,0,9,6,0,6,0,6,1,1,1,2191,690,78,69,9,612,1501,1451,50,1270,1099,171,686,130,103,27,556,584,512,72,8072,5320,367,163,204,4953,2752,497,{'url': 'https://www.chicago.gov/content/dam/city/sites/covid/reports/hospital-capacity/2020.06.28_COVID-19_ICU_Vent_Capacity_Daily_Report.pdf'},,,
2020-05-16T00:00:00.000,516,28,103,35,107,87,93,77,60,35,22,0,279,231,6,203,11,98,51,16,137,0,0,1,3,0,6,4,14,0,8,20,0,9,1,12,6,0,0,2,12,4,13,20,19,16,17,0,51,51,1,37,4,33,15,1,13,2137,800,285,258,27,515,1337,1287,50,1495,1265,230,1185,425,375,50,760,310,265,45,7875,6017,1099,756,343,4918,1858,1524,{'url': 'https://www.chicago.gov/content/dam/city/sites/covid/reports/hospital-capacity/2020.05.17_COVID-19_ICU_Vent_Capacity_Daily_Report.pdf'},216,31,2
2020-07-10T00:00:00.000,344,6,30,35,120,74,51,24,17,18,5,0,167,175,2,101,6,100,65,11,61,0,0,0,0,2,1,2,1,0,1,5,0,3,0,2,1,0,0,0,3,3,0,5,3,12,4,0,14,16,0,6,0,18,6,0,0,2083,590,59,51,8,531,1493,1443,50,1346,1175,171,866,104,69,35,762,480,438,42,8043,5784,370,162,208,5414,2259,474,{'url': 'https://www.chicago.gov/content/dam/city/sites/covid/reports/hospital-capacity/2020.07.11_COVID-19_ICU_Vent_Capacity_Daily_Report.pdf'},,,
2020-06-02T00:00:00.000,246,25,53,14,33,44,45,32,34,18,26,0,116,108,22,83,9,50,17,12,75,0,0,1,0,3,3,4,14,0,12,13,0,15,2,5,3,0,0,1,4,5,5,10,11,12,5,0,26,27,0,21,1,17,10,2,2,2207,675,212,200,12,463,1532,1482,50,1227,1061,166,763,332,281,51,431,464,395,69,7768,5351,797,502,295,4554,2417,1129,{'url': 'https://www.chicago.gov/content/dam/city/sites/covid/reports/hospital-capacity/2020.06.03_COVID-19_ICU_Vent_Capacity_Daily_Report.pdf'},,,
2020-05-29T00:00:00.000,462,20,55,33,117,70,85,75,42,18,22,0,249,208,5,219,9,99,33,17,85,0,0,0,1,3,5,6,5,0,11,9,0,7,0,10,2,1,0,3,2,5,7,12,9,9,8,0,32,23,0,13,1,27,9,3,2,2194,709,240,228,12,469,1485,1435,50,1326,1160,166,890,360,316,44,530,436,384,52,7781,5490,822,527,295,4668,2291,1182,{'url': 'https://www.chicago.gov/content/dam/city/sites/covid/reports/hospital-capacity/2020.05.30_COVID-19_ICU_Vent_Capacity_Daily_Report.pdf'},,,
2020-06-24T00:00:00.000,244,9,29,22,76,56,29,34,11,8,8,0,142,101,1,81,5,51,40,8,59,0,0,0,0,3,4,1,1,0,5,4,0,6,1,2,0,0,0,0,8,4,1,4,2,8,2,0,21,8,0,7,0,17,5,0,0,2186,665,86,70,16,579,1521,1471,50,1288,1117,171,794,141,100,41,653,494,449,45,7962,5455,447,181,266,5008,2507,588,{'url': 'https://www.chicago.gov/content/dam/city/sites/covid/reports/hospital-capacity/2020.06.25_COVID-19_ICU_Vent_Capacity_Daily_Report.pdf'},,,
2020-03-18T00:00:00.000,162,1,40,2,31,32,40,23,18,11,5,0,80,82,0,19,8,64,62,3,6,0,0,0,0,0,0,0,1,0,1,0,0,0,0,1,0,0,0,0,0,2,6,8,9,9,6,0,12,28,0,6,3,23,7,0,1,,,,,,,,,,,,,,,,,,,,,,,,,,,,,,,,
2020-08-31T00:00:00.000,404,2,31,58,118,68,59,49,29,14,9,0,214,189,1,181,3,58,76,14,72,0,0,0,0,1,0,0,1,0,0,2,0,0,1,1,0,0,0,2,5,2,5,3,4,4,6,0,15,16,0,5,1,17,4,3,1,2029,542,37,31,6,505,1487,1437,50,1278,1107,171,727,97,58,39,630,551,487,64,8260,5558,288,124,164,5270,2702,385,{'url': 'https://www.chicago.gov/content/dam/city/sites/covid/reports/hospital-capacity/2020.08.32_COVID-19_ICU_Vent_Capacity_Daily_Report.pdf'},,,
2020-08-07T00:00:00.000,416,2,26,65,107,83,55,48,35,13,10,0,199,216,1,182,9,68,86,18,53,0,0,0,0,0,1,0,1,0,1,1,0,1,0,1,0,0,0,2,3,5,0,5,5,2,4,0,15,11,0,9,0,13,2,1,1,2000,546,35,26,9,511,1454,1404,50,1274,1103,171,776,94,55,39,682,498,426,72,8099,5574,377,143,234,5197,2525,471,{'url': 'https://www.chicago.gov/content/dam/city/sites/covid/reports/hospital-capacity/2020.08.08_COVID-19_ICU_Vent_Capacity_Daily_Report.pdf'},,,
,157,0,318,4,33,32,29,25,20,10,4,0,80,71,6,28,7,43,15,8,56,0,0,0,0,0,0,0,0,0,0,0,0,0,0,0,0,0,0,17,52,48,47,51,45,32,26,0,153,159,6,111,14,111,49,18,15,,,,,,,,,,,,,,,,,,,,,,,,,,,,,,,,
2020-08-25T00:00:00.000,396,4,32,49,113,74,65,49,26,10,9,1,213,179,4,176,7,59,77,16,61,0,0,0,0,0,0,0,4,0,1,3,0,0,1,2,1,0,0,0,4,4,3,9,6,4,2,0,15,17,0,8,0,12,8,2,2,2058,537,34,28,6,503,1521,1471,50,1278,1107,171,746,90,54,36,656,532,464,68,8099,5917,281,103,178,5636,2182,371,{'url': 'https://www.chicago.gov/content/dam/city/sites/covid/reports/hospital-capacity/2020.08.26_COVID-19_ICU_Vent_Capacity_Daily_Report.pdf'},,,
2020-09-18T00:00:00.000,336,3,22,40,93,69,41,44,32,8,9,0,152,183,1,140,11,45,68,16,56,0,0,0,0,0,0,1,2,0,1,2,0,0,0,1,2,0,0,0,1,0,1,3,4,6,7,0,11,10,1,2,0,9,7,0,4,2047,636,40,35,5,596,1411,1361,50,1283,1105,178,855,73,59,14,782,428,354,74,8258,6152,252,109,143,5900,2106,325,{'url': 'https://www.chicago.gov/content/dam/city/sites/covid/reports/hospital-capacity/2020.09.19_COVID-19_ICU_Vent_Capacity_Daily_Report.pdf'},,,
2020-05-07T00:00:00.000,938,49,144,58,179,194,171,147,116,40,33,0,480,446,12,435,10,123,90,47,233,0,0,2,2,8,14,10,13,0,20,29,0,16,3,19,9,1,1,3,4,18,20,20,36,25,18,0,58,86,0,65,3,41,22,8,5,1985,625,327,306,21,298,1360,1310,50,1437,1207,230,1176,472,436,36,704,261,211,50,7577,5905,1170,920,250,4735,1672,1642,{'url': 'https://www.chicago.gov/content/dam/city/sites/covid/reports/hospital-capacity/2020.05.08_COVID-19_ICU_Vent_Capacity_Daily_Report.pdf'},341,96,4
2020-04-14T00:00:00.000,664,33,174,16,103,120,121,124,78,51,51,0,352,310,2,230,24,196,94,36,84,0,1,2,1,3,5,9,12,0,11,22,0,8,2,13,10,0,0,3,7,13,21,38,32,31,29,0,73,100,1,60,4,71,28,9,2,1418,733,318,265,53,415,685,635,50,1160,946,214,919,462,377,85,457,241,191,50,7286,5536,1119,,,4417,1750,1581,{'url': 'https://www.chicago.gov/content/dam/city/sites/covid/reports/hospital-capacity/2020.04.15_COVID-19_ICU_Vent_Capacity_Daily_Report.pdf'},260,207,24
2020-08-14T00:00:00.000,344,3,28,54,84,64,59,40,26,10,7,0,177,162,5,135,5,67,79,13,45,0,0,0,0,0,1,1,1,0,1,2,0,1,0,2,0,0,0,1,1,2,3,5,6,6,4,0,15,13,0,6,0,17,5,0,0,2033,684,34,26,8,650,1349,1299,50,1278,1107,171,784,88,53,35,696,494,422,72,8075,5931,307,113,194,5624,2144,395,{'url': 'https://www.chicago.gov/content/dam/city/sites/covid/reports/hospital-capacity/2020.08.15_COVID-19_ICU_Vent_Capacity_Daily_Report.pdf'},,,
2020-05-20T00:00:00.000,769,29,93,58,208,131,138,107,73,36,18,0,403,359,7,357,4,142,60,27,179,0,1,1,1,6,10,4,6,0,7,22,0,15,3,7,4,0,0,3,7,4,8,14,21,20,16,0,47,46,0,34,1,39,10,3,6,2231,772,265,249,16,507,1459,1409,50,1265,1100,165,890,419,361,58,471,375,312,63,7588,5603,1047,707,340,4556,1985,1466,{'url': 'https://www.chicago.gov/content/dam/city/sites/covid/reports/hospital-capacity/2020.05.21_COVID-19_ICU_Vent_Capacity_Daily_Report.pdf'},,,
2020-09-17T00:00:00.000,385,0,25,38,120,88,50,40,29,11,9,0,186,198,1,133,11,47,113,13,68,0,0,0,0,0,0,0,0,0,0,0,0,0,0,0,0,0,0,2,2,2,4,6,6,1,2,0,9,16,0,8,1,5,9,1,1,2048,591,43,37,6,548,1457,1407,50,1283,1105,178,885,83,65,18,802,398,331,67,8258,6078,268,103,165,5810,2180,351,{'url': 'https://www.chicago.gov/content/dam/city/sites/covid/reports/hospital-capacity/2020.09.18_COVID-19_ICU_Vent_Capacity_Daily_Report.pdf'},,,
2020-07-18T00:00:00.000,134,4,19,13,38,25,21,20,9,5,3,0,62,72,0,41,1,42,20,5,25,0,0,0,0,1,1,1,1,0,2,2,0,2,0,0,2,0,0,0,1,1,2,3,3,7,2,0,10,9,0,2,0,11,2,2,2,2005,612,51,31,20,561,1393,1343,50,1346,1175,171,803,107,64,43,696,543,470,73,8045,5575,355,141,214,5220,2470,462,{'url': 'https://www.chicago.gov/content/dam/city/sites/covid/reports/hospital-capacity/2020.07.19_COVID-19_ICU_Vent_Capacity_Daily_Report.pdf'},,,
2020-04-08T00:00:00.000,704,36,173,11,86,100,107,154,129,69,48,0,319,347,38,171,21,298,103,33,78,0,0,0,1,7,8,9,11,0,13,23,0,3,2,22,9,0,0,1,1,14,16,37,41,37,26,0,64,108,1,38,5,88,30,12,0,1269,645,306,245,61,339,624,574,50,1062,882,180,800,449,333,116,351,262,216,46,7214,5297,967,,,4330,1917,1416,{'url': 'https://www.chicago.gov/content/dam/city/sites/covid/reports/hospital-capacity/2020.04.09_COVID-19_ICU_Vent_Capacity_Daily_Report.pdf'},260,162,28
2020-10-10T00:00:00.000,426,4,27,39,107,105,67,59,31,8,10,0,220,204,2,128,7,46,83,15,147,0,0,0,0,1,1,1,1,0,3,1,0,0,1,2,1,0,0,0,2,2,4,5,2,7,5,0,14,13,0,4,0,10,8,2,3,2052,647,44,34,10,603,1405,1355,50,1283,1105,178,926,92,62,30,834,357,307,50,8248,6039,274,137,137,5765,2209,366,{'url': 'https://www.chicago.gov/content/dam/city/sites/covid/reports/hospital-capacity/2020.10.11_COVID-19_ICU_Vent_Capacity_Daily_Report.pdf'},,,
2020-03-17T00:00:00.000,96,1,29,0,15,21,18,17,19,2,4,0,37,58,1,7,3,38,40,3,5,0,0,0,0,1,0,0,0,0,0,1,0,0,0,1,0,0,0,0,4,1,2,7,8,3,4,0,8,21,0,4,0,20,5,0,0,,,,,,,,,,,,,,,,,,,,,,,,,,,,,,,,
2020-08-18T00:00:00.000,391,1,25,50,121,73,56,45,22,20,4,0,202,187,2,183,7,59,75,9,58,0,0,0,0,0,0,0,1,0,0,1,0,0,0,1,0,0,0,1,4,7,3,0,3,5,2,0,13,12,0,8,0,9,4,2,2,2045,582,41,27,14,541,1463,1413,50,1278,1107,171,758,93,60,33,665,520,441,79,8103,5872,299,131,168,5573,2231,392,{'url': 'https://www.chicago.gov/content/dam/city/sites/covid/reports/hospital-capacity/2020.08.19_COVID-19_ICU_Vent_Capacity_Daily_Report.pdf'},,,
2020-07-12T00:00:00.000,96,4,18,7,32,15,19,11,3,7,2,0,52,44,0,27,4,25,19,3,18,0,0,0,0,0,2,0,2,0,2,2,0,0,0,1,3,0,0,1,3,0,2,2,3,6,1,0,7,11,0,6,2,8,1,0,1,2020,672,60,48,12,612,1348,1298,50,1346,1175,171,839,104,71,33,735,507,444,63,8043,5447,365,164,201,5082,2596,469,{'url': 'https://www.chicago.gov/content/dam/city/sites/covid/reports/hospital-capacity/2020.07.13_COVID-19_ICU_Vent_Capacity_Daily_Report.pdf'},,,
2020-04-15T00:00:00.000,629,31,149,21,92,108,110,124,86,46,42,0,302,325,2,231,21,178,64,44,91,0,1,1,3,2,5,5,14,0,8,23,0,9,3,15,4,0,0,1,6,13,17,32,35,31,14,0,68,81,0,48,1,69,22,6,3,1425,686,331,290,41,355,739,689,50,1160,946,214,879,482,410,72,397,281,222,59,7286,5385,1082,,,4303,1901,1564,{'url': 'https://www.chicago.gov/content/dam/city/sites/covid/reports/hospital-capacity/2020.04.16_COVID-19_ICU_Vent_Capacity_Daily_Report.pdf'},310,142,24
2020-03-31T00:00:00.000,488,16,163,5,57,103,96,92,69,39,27,0,258,224,6,107,16,217,81,17,50,0,0,0,4,1,0,5,6,0,6,10,0,2,0,14,0,0,0,2,7,16,25,33,31,28,21,0,71,87,5,30,3,100,17,9,4,1166,610,219,163,56,391,556,432,124,975,792,183,740,328,213,115,412,235,197,38,6556,4587,,,,,1969,,{'url': 'https://www.chicago.gov/content/dam/city/sites/covid/reports/hospital-capacity/2020.03.32_COVID-19_ICU_Vent_Capacity_Daily_Report.pdf'},206,167,24
2020-05-12T00:00:00.000,943,46,127,64,178,177,182,162,92,50,38,0,493,445,5,440,10,169,101,21,202,0,0,4,2,4,10,7,19,0,12,34,0,21,2,19,4,0,0,1,11,15,11,28,25,17,19,0,63,63,1,50,2,49,18,2,6,2098,777,336,317,19,441,1321,1271,50,1407,1177,230,1176,503,439,64,673,231,176,55,7601,5885,1213,876,337,4672,1716,1716,{'url': 'https://www.chicago.gov/content/dam/city/sites/covid/reports/hospital-capacity/2020.05.13_COVID-19_ICU_Vent_Capacity_Daily_Report.pdf'},504,277,4
2020-08-13T00:00:00.000,391,4,25,39,117,79,73,40,24,11,8,0,211,177,3,181,7,71,88,15,29,0,0,0,0,1,0,3,0,0,1,3,0,2,0,1,1,0,0,0,5,2,5,0,6,5,2,0,16,9,0,8,0,11,2,3,1,2051,610,41,28,13,569,1441,1391,50,1278,1107,171,809,99,55,44,710,469,416,53,8075,5835,365,122,243,5470,2240,464,{'url': 'https://www.chicago.gov/content/dam/city/sites/covid/reports/hospital-capacity/2020.08.14_COVID-19_ICU_Vent_Capacity_Daily_Report.pdf'},,,
2020-03-12T00:00:00.000,21,0,8,0,6,5,2,4,3,1,0,0,6,15,0,2,0,2,15,0,2,0,0,0,0,0,0,0,0,0,0,0,0,0,0,0,0,0,0,0,0,1,0,1,4,2,0,0,4,4,0,0,1,4,3,0,0,,,,,,,,,,,,,,,,,,,,,,,,,,,,,,,,
2020-06-28T00:00:00.000,110,5,28,8,36,22,20,10,9,3,2,0,64,46,0,33,1,21,24,6,25,0,0,0,1,0,2,0,2,0,4,1,0,2,0,2,1,0,0,0,5,0,4,5,4,4,6,0,18,10,0,9,0,12,6,0,1,2200,713,76,61,15,637,1487,1437,50,1270,1099,171,729,130,95,35,599,541,471,70,8072,5387,340,141,199,5047,2685,470,{'url': 'https://www.chicago.gov/content/dam/city/sites/covid/reports/hospital-capacity/2020.06.29_COVID-19_ICU_Vent_Capacity_Daily_Report.pdf'},,,
2020-03-15T00:00:00.000,40,0,24,0,3,8,9,8,5,4,3,0,13,27,0,6,4,12,16,0,2,0,0,0,0,0,0,0,0,0,0,0,0,0,0,0,0,0,0,0,1,2,6,4,5,4,2,0,9,15,0,4,2,14,4,0,0,,,,,,,,,,,,,,,,,,,,,,,,,,,,,,,,
2020-06-12T00:00:00.000,247,21,25,32,60,42,46,27,21,8,11,0,140,103,4,128,2,40,22,6,49,0,0,1,0,3,7,7,3,0,9,12,0,11,0,7,3,0,0,1,2,1,2,5,6,6,2,0,12,13,0,10,0,10,4,0,1,2191,641,161,149,12,480,1550,1500,50,1303,1132,171,806,217,190,27,589,497,441,56,7947,5269,591,326,265,4678,2678,808,{'url': 'https://www.chicago.gov/content/dam/city/sites/covid/reports/hospital-capacity/2020.06.13_COVID-19_ICU_Vent_Capacity_Daily_Report.pdf'},,,
2020-09-30T00:00:00.000,442,2,21,47,132,91,50,62,33,17,10,0,222,218,2,142,6,75,84,23,112,0,0,0,0,0,0,2,0,0,0,2,0,1,0,1,0,0,0,1,2,2,2,2,3,5,4,0,10,11,0,7,0,4,9,1,0,2049,551,37,27,10,514,1498,1448,50,1283,1105,178,852,73,45,28,779,431,362,69,8242,6006,287,140,147,5719,2236,360,{'url': 'https://www.chicago.gov/content/dam/city/sites/covid/reports/hospital-capacity/2020.09.31_COVID-19_ICU_Vent_Capacity_Daily_Report.pdf'},,,
2020-10-20T00:00:00.000,616,2,,82,152,119,107,67,45,30,14,0,310,306,0,293,20,74,150,21,58,0,0,0,0,0,2,0,0,0,1,1,0,0,0,1,0,1,0,,,,,,,,,,,,,,,,,,,2049,578,40,34,6,538,1471,1421,50,1275,1097,178,849,100,77,23,749,426,362,64,8245,6149,394,221,173,5755,2096,494,{'url': 'https://www.chicago.gov/content/dam/city/sites/covid/reports/hospital-capacity/2020.10.21_COVID-19_ICU_Vent_Capacity_Daily_Report.pdf'},,,
2020-05-18T00:00:00.000,945,33,111,67,236,152,189,149,83,46,23,0,494,439,12,428,10,147,70,38,252,0,0,2,2,2,5,10,12,0,13,20,0,10,1,13,9,0,0,1,14,11,15,20,13,20,17,0,51,60,0,40,0,44,14,5,8,2227,801,290,260,30,511,1426,1376,50,1515,1284,231,1113,440,376,64,673,402,332,70,8196,6027,1148,752,396,4879,2169,1588,{'url': 'https://www.chicago.gov/content/dam/city/sites/covid/reports/hospital-capacity/2020.05.19_COVID-19_ICU_Vent_Capacity_Daily_Report.pdf'},,,
2020-05-05T00:00:00.000,1090,57,155,54,206,206,218,206,125,48,27,0,550,500,40,487,16,160,96,48,283,0,1,1,1,0,10,17,27,0,26,31,0,17,5,21,13,0,1,2,12,13,18,37,34,22,17,0,74,80,1,55,7,56,24,12,1,2071,1029,332,313,19,697,1042,992,50,1435,1205,230,1124,462,416,46,662,311,240,71,7502,5665,1120,,,4545,1837,1582,{'url': 'https://www.chicago.gov/content/dam/city/sites/covid/reports/hospital-capacity/2020.05.06_COVID-19_ICU_Vent_Capacity_Daily_Report.pdf'},353,94,28
2020-10-01T00:00:00.000,349,4,21,50,115,66,38,49,14,15,2,0,173,175,1,142,3,26,65,23,90,0,0,0,0,2,1,1,0,0,1,3,0,2,1,1,0,0,0,1,2,4,2,3,4,3,2,0,12,9,0,9,1,5,2,0,4,2053,587,37,26,11,550,1466,1416,50,1283,1105,178,854,79,43,36,775,429,358,71,8242,6111,315,136,179,5796,2131,394,{'url': 'https://www.chicago.gov/content/dam/city/sites/covid/reports/hospital-capacity/2020.10.02_COVID-19_ICU_Vent_Capacity_Daily_Report.pdf'},,,
2020-05-02T00:00:00.000,717,50,166,25,142,126,154,141,74,40,15,0,342,371,4,352,9,108,55,21,172,0,0,1,1,8,14,11,15,0,21,29,0,11,3,24,11,1,0,2,9,8,29,34,32,33,19,0,67,99,0,60,4,62,26,10,4,1924,1068,342,322,20,726,856,806,50,1357,1143,214,1090,478,428,50,612,267,201,66,7467,5560,1134,,,4426,1907,1612,{'url': 'https://www.chicago.gov/content/dam/city/sites/covid/reports/hospital-capacity/2020.05.03_COVID-19_ICU_Vent_Capacity_Daily_Report.pdf'},260,83,14
2020-08-29T00:00:00.000,225,4,25,24,70,35,40,24,20,12,0,0,122,103,0,99,6,25,57,5,33,0,0,0,0,1,1,1,1,0,2,2,0,1,1,0,2,0,0,2,3,4,2,3,4,7,0,0,12,13,0,11,0,8,4,0,2,2027,677,35,29,6,642,1350,1300,50,1278,1107,171,788,70,58,12,718,490,418,72,8099,5941,271,110,161,5670,2158,341,{'url': 'https://www.chicago.gov/content/dam/city/sites/covid/reports/hospital-capacity/2020.08.30_COVID-19_ICU_Vent_Capacity_Daily_Report.pdf'},,,
2020-09-29T00:00:00.000,374,5,24,46,101,71,63,45,25,19,4,0,194,178,2,153,11,44,69,14,83,0,0,0,0,0,3,1,1,0,1,4,0,2,0,2,1,0,0,1,2,4,2,5,4,3,3,0,13,11,0,9,2,7,5,0,1,2049,538,41,29,12,497,1511,1461,50,1283,1105,178,838,96,54,42,742,445,380,65,8261,6002,289,139,150,5713,2259,385,{'url': 'https://www.chicago.gov/content/dam/city/sites/covid/reports/hospital-capacity/2020.09.30_COVID-19_ICU_Vent_Capacity_Daily_Report.pdf'},,,
2020-07-08T00:00:00.000,307,4,26,37,100,68,38,32,19,11,2,0,157,149,1,88,8,71,54,12,74,0,0,0,0,0,2,1,1,0,3,1,0,2,0,1,1,0,0,2,5,3,0,2,5,5,4,0,13,13,0,10,1,8,4,1,2,2108,610,76,51,25,534,1498,1448,50,1343,1172,171,842,121,67,54,721,501,428,73,8087,5589,409,194,215,5180,2498,530,{'url': 'https://www.chicago.gov/content/dam/city/sites/covid/reports/hospital-capacity/2020.07.09_COVID-19_ICU_Vent_Capacity_Daily_Report.pdf'},,,
2020-07-03T00:00:00.000,174,5,28,14,52,36,26,17,16,9,4,0,106,67,1,42,1,44,32,10,45,0,0,0,0,0,2,1,2,0,3,2,0,1,0,4,0,0,0,4,1,2,6,3,4,5,3,0,11,17,0,4,0,15,4,2,3,2190,669,67,49,18,602,1521,1471,50,1343,1172,171,821,115,78,37,706,522,453,69,8085,5413,380,168,212,5033,2672,495,{'url': 'https://www.chicago.gov/content/dam/city/sites/covid/reports/hospital-capacity/2020.07.04_COVID-19_ICU_Vent_Capacity_Daily_Report.pdf'},,,
2020-07-28T00:00:00.000,332,3,19,37,86,74,67,33,19,9,7,0,185,145,2,153,10,74,45,10,40,0,0,0,1,0,0,1,1,0,1,2,0,0,0,2,1,0,0,1,3,7,3,2,1,1,1,0,14,5,0,9,0,7,2,0,1,1999,553,52,33,19,501,1446,1396,50,1268,1097,171,726,108,66,42,618,542,474,68,8060,5656,370,144,226,5286,2404,478,{'url': 'https://www.chicago.gov/content/dam/city/sites/covid/reports/hospital-capacity/2020.07.29_COVID-19_ICU_Vent_Capacity_Daily_Report.pdf'},,,
2020-09-27T00:00:00.000,149,1,29,15,46,28,24,15,11,8,2,0,84,65,0,47,1,24,30,10,37,0,0,0,0,0,0,1,0,0,0,1,0,1,0,0,0,0,0,1,2,2,6,3,8,6,1,0,17,12,0,8,1,10,7,1,2,2052,807,27,20,7,780,1245,1195,50,1283,1105,178,905,60,35,25,845,378,296,82,8261,6139,217,125,92,5922,2122,277,{'url': 'https://www.chicago.gov/content/dam/city/sites/covid/reports/hospital-capacity/2020.09.28_COVID-19_ICU_Vent_Capacity_Daily_Report.pdf'},,,
2020-03-30T00:00:00.000,440,12,160,6,54,79,81,82,59,43,36,0,217,223,0,85,12,210,78,17,38,0,0,1,1,2,2,5,1,0,4,8,0,3,1,6,2,0,0,0,9,9,17,33,35,33,24,0,69,91,0,27,2,101,20,9,1,1157,597,215,140,75,382,560,436,124,969,786,183,732,315,180,135,417,237,197,40,6602,4694,,,,,1908,,{'url': 'https://www.chicago.gov/content/dam/city/sites/covid/reports/hospital-capacity/2020.03.31_COVID-19_ICU_Vent_Capacity_Daily_Report.pdf'},214,176,24
2020-05-08T00:00:00.000,924,44,97,52,169,191,196,153,85,44,34,0,441,464,19,436,16,138,77,42,215,0,0,0,1,4,13,12,14,0,21,23,0,15,0,15,14,0,0,0,8,8,9,19,18,13,22,0,48,49,0,38,3,36,12,5,3,2067,660,328,311,17,332,1407,1357,50,1427,1197,230,1167,476,424,52,691,260,217,43,7591,5963,1231,936,295,4732,1628,1707,{'url': 'https://www.chicago.gov/content/dam/city/sites/covid/reports/hospital-capacity/2020.05.09_COVID-19_ICU_Vent_Capacity_Daily_Report.pdf'},220,68,13
2020-07-17T00:00:00.000,323,3,25,35,102,64,48,35,21,13,5,0,167,153,3,127,6,75,55,14,46,0,0,0,0,2,0,0,1,0,1,2,0,2,0,1,0,0,0,0,5,2,8,3,2,2,3,0,11,14,0,4,0,13,6,0,2,2001,462,56,44,12,406,1539,1489,50,1346,1175,171,796,115,72,43,681,550,466,84,8045,5734,370,163,207,5364,2311,485,{'url': 'https://www.chicago.gov/content/dam/city/sites/covid/reports/hospital-capacity/2020.07.18_COVID-19_ICU_Vent_Capacity_Daily_Report.pdf'},,,
2020-05-31T00:00:00.000,121,22,39,16,28,20,22,12,13,5,5,0,59,61,1,45,1,40,7,0,28,0,0,0,3,2,5,6,6,0,8,14,0,8,0,8,6,0,0,3,4,3,5,6,13,3,2,0,16,23,0,12,1,23,1,0,2,2213,671,231,218,13,440,1542,1492,50,1309,1141,168,876,353,292,61,523,433,377,56,7772,5469,752,496,256,4717,2303,1105,{'url': 'https://www.chicago.gov/content/dam/city/sites/covid/reports/hospital-capacity/2020.05.32_COVID-19_ICU_Vent_Capacity_Daily_Report.pdf'},,,
2020-05-30T00:00:00.000,239,21,53,22,55,41,43,41,23,9,5,0,132,105,2,97,4,45,21,12,60,0,0,0,2,1,7,5,6,0,11,10,0,11,0,5,4,1,0,2,6,3,8,10,10,7,7,0,19,34,0,15,2,19,9,1,7,2216,697,235,223,12,462,1519,1469,50,1312,1146,166,874,373,318,55,501,438,367,71,7774,5471,776,508,268,4695,2303,1149,{'url': 'https://www.chicago.gov/content/dam/city/sites/covid/reports/hospital-capacity/2020.05.31_COVID-19_ICU_Vent_Capacity_Daily_Report.pdf'},,,
2020-04-03T00:00:00.000,467,24,164,2,72,64,77,94,79,49,30,0,255,211,1,113,24,183,80,17,50,0,0,1,2,2,4,6,9,0,12,12,0,3,0,19,2,0,0,2,7,11,23,27,40,33,21,0,77,86,1,37,4,91,22,6,4,1300,649,275,196,79,374,651,527,124,979,799,180,749,373,264,109,376,230,188,42,6543,4490,791,,,3699,2053,1164,{'url': 'https://www.chicago.gov/content/dam/city/sites/covid/reports/hospital-capacity/2020.04.04_COVID-19_ICU_Vent_Capacity_Daily_Report.pdf'},236,144,30
2020-09-01T00:00:00.000,328,3,20,33,97,70,38,44,32,8,6,0,177,151,0,128,4,54,78,7,57,0,0,0,0,0,2,1,0,0,2,1,0,2,0,0,1,0,0,0,2,3,7,2,2,2,2,0,11,9,0,7,0,9,2,1,1,2030,623,35,30,5,588,1407,1357,50,1278,1107,171,752,88,53,35,664,526,437,89,8260,5815,317,136,181,5498,2445,405,{'url': 'https://www.chicago.gov/content/dam/city/sites/covid/reports/hospital-capacity/2020.09.02_COVID-19_ICU_Vent_Capacity_Daily_Report.pdf'},,,
2020-09-21T00:00:00.000,410,2,27,51,122,81,55,44,32,18,7,0,210,197,3,209,5,41,77,16,62,0,0,0,0,0,0,1,1,0,1,1,0,0,0,0,2,0,0,0,3,4,3,5,6,3,3,0,15,12,0,14,0,10,2,0,1,2051,558,48,43,5,510,1493,1443,50,1283,1105,178,799,96,66,30,703,484,408,76,8258,5919,242,123,119,5677,2339,338,{'url': 'https://www.chicago.gov/content/dam/city/sites/covid/reports/hospital-capacity/2020.09.22_COVID-19_ICU_Vent_Capacity_Daily_Report.pdf'},,,
2020-07-16T00:00:00.000,297,2,28,27,88,67,42,31,22,10,10,0,156,140,1,93,3,78,59,12,52,0,0,0,0,0,0,1,1,0,0,2,0,0,1,0,1,0,0,0,8,2,5,4,3,3,3,0,13,15,0,8,1,12,5,1,1,1994,523,56,48,8,467,1471,1421,50,1346,1175,171,833,101,64,37,732,513,440,73,8037,5843,379,160,219,5464,2194,480,{'url': 'https://www.chicago.gov/content/dam/city/sites/covid/reports/hospital-capacity/2020.07.17_COVID-19_ICU_Vent_Capacity_Daily_Report.pdf'},,,
2020-09-15T00:00:00.000,347,1,22,54,96,67,47,41,26,13,3,0,185,162,0,156,5,44,81,11,50,0,0,0,0,0,1,0,0,0,1,0,0,0,0,1,0,0,0,0,2,0,4,5,3,5,3,0,11,11,0,8,1,8,4,0,1,2040,586,36,28,8,550,1454,1404,50,1276,1105,171,856,85,53,32,771,420,349,71,8258,6012,298,102,196,5714,2246,383,{'url': 'https://www.chicago.gov/content/dam/city/sites/covid/reports/hospital-capacity/2020.09.16_COVID-19_ICU_Vent_Capacity_Daily_Report.pdf'},,,
2020-03-26T00:00:00.000,413,2,136,2,65,74,78,96,53,36,9,0,181,230,2,77,12,197,92,13,22,0,0,0,0,0,0,1,1,0,0,2,0,0,1,1,0,0,0,0,7,11,24,25,29,28,12,0,58,78,0,27,1,82,21,4,1,1053,422,127,88,39,295,631,507,124,970,785,185,724,250,143,107,474,246,209,37,6548,4698,,,,,1850,,{'url': 'https://www.chicago.gov/content/dam/city/sites/covid/reports/hospital-capacity/2020.03.27_COVID-19_ICU_Vent_Capacity_Daily_Report.pdf'},231,121,36
2020-04-07T00:00:00.000,555,24,197,2,83,106,94,84,80,54,52,0,292,256,7,164,15,197,90,28,61,0,0,0,1,5,4,9,5,0,11,13,0,6,0,16,0,2,0,0,6,14,23,34,48,33,39,0,88,105,4,41,8,101,36,11,0,1250,637,326,252,74,311,613,563,50,1057,877,180,795,421,319,102,374,262,207,55,6918,5041,905,,,4136,1877,1326,{'url': 'https://www.chicago.gov/content/dam/city/sites/covid/reports/hospital-capacity/2020.04.08_COVID-19_ICU_Vent_Capacity_Daily_Report.pdf'},237,201,24
2020-09-10T00:00:00.000,321,2,18,23,117,66,44,36,26,5,4,0,183,137,1,128,7,41,96,4,45,0,0,0,0,0,1,0,1,0,1,1,0,1,0,0,1,0,0,0,3,1,2,2,7,3,0,0,14,4,0,7,0,6,4,0,1,2040,573,46,31,15,527,1467,1417,50,1276,1105,171,752,90,50,40,662,524,444,80,8260,5995,305,111,194,5690,2265,395,{'url': 'https://www.chicago.gov/content/dam/city/sites/covid/reports/hospital-capacity/2020.09.11_COVID-19_ICU_Vent_Capacity_Daily_Report.pdf'},,,
2020-04-04T00:00:00.000,326,22,159,2,34,38,61,70,63,33,25,0,152,174,0,69,14,144,43,18,38,0,0,0,3,4,4,4,7,0,13,9,0,3,0,14,4,1,0,0,3,11,22,33,45,24,21,0,77,81,1,39,10,78,21,8,3,1230,662,312,224,88,350,568,518,50,979,799,180,699,426,272,154,273,280,210,70,6523,4520,788,,,3732,2003,1214,{'url': 'https://www.chicago.gov/content/dam/city/sites/covid/reports/hospital-capacity/2020.04.05_COVID-19_ICU_Vent_Capacity_Daily_Report.pdf'},247,175,34
2020-07-30T00:00:00.000,342,2,17,49,78,80,49,50,25,7,4,0,175,166,1,155,11,72,57,8,39,0,0,0,0,0,0,1,1,0,1,1,0,2,0,0,0,0,0,1,1,2,2,3,2,4,2,0,10,7,0,5,1,6,3,2,0,2009,538,50,33,17,488,1471,1421,50,1268,1097,171,798,115,67,48,683,470,402,68,8075,5659,329,142,187,5330,2416,444,{'url': 'https://www.chicago.gov/content/dam/city/sites/covid/reports/hospital-capacity/2020.07.31_COVID-19_ICU_Vent_Capacity_Daily_Report.pdf'},,,
2020-06-09T00:00:00.000,255,23,36,19,49,34,46,45,38,14,10,0,115,136,4,110,3,37,36,13,56,0,0,0,2,6,5,4,6,0,7,16,0,11,0,10,2,0,0,0,1,1,7,5,6,6,10,0,15,21,0,9,0,18,7,2,0,2178,616,177,167,10,439,1562,1512,50,1288,1109,179,739,281,228,53,458,549,444,105,7831,5298,611,357,254,4687,2533,892,{'url': 'https://www.chicago.gov/content/dam/city/sites/covid/reports/hospital-capacity/2020.06.10_COVID-19_ICU_Vent_Capacity_Daily_Report.pdf'},,,
2020-09-24T00:00:00.000,400,4,20,50,115,85,62,45,28,9,6,0,196,202,2,167,6,38,81,8,100,0,0,0,0,1,1,1,1,0,2,2,0,3,0,1,0,0,0,0,0,2,4,5,6,3,0,0,8,12,0,5,0,5,6,2,2,2054,555,26,20,6,529,1499,1449,50,1283,1105,178,894,96,50,46,798,389,319,70,8261,6096,309,133,176,5787,2165,405,{'url': 'https://www.chicago.gov/content/dam/city/sites/covid/reports/hospital-capacity/2020.09.25_COVID-19_ICU_Vent_Capacity_Daily_Report.pdf'},,,
2020-06-03T00:00:00.000,279,21,54,23,61,47,40,44,32,18,14,0,152,126,1,108,3,66,26,19,57,0,2,0,0,0,1,9,9,0,10,11,0,9,0,8,4,0,0,1,7,5,3,4,17,9,8,0,24,30,0,13,0,29,9,0,3,2206,649,232,212,20,417,1557,1507,50,1313,1134,179,842,338,279,59,504,471,398,73,7776,5452,818,498,320,4634,2324,1156,{'url': 'https://www.chicago.gov/content/dam/city/sites/covid/reports/hospital-capacity/2020.06.04_COVID-19_ICU_Vent_Capacity_Daily_Report.pdf'},,,
2020-08-19T00:00:00.000,469,5,20,55,144,84,57,70,39,13,7,0,250,218,1,204,4,80,92,23,66,0,0,0,1,0,2,1,1,0,3,2,0,2,0,1,2,0,0,0,2,2,1,6,2,6,1,0,11,9,0,4,0,11,4,0,1,2045,486,38,27,11,448,1559,1509,50,1278,1107,171,729,100,61,39,629,549,464,85,8099,5726,258,119,139,5468,2373,358,{'url': 'https://www.chicago.gov/content/dam/city/sites/covid/reports/hospital-capacity/2020.08.20_COVID-19_ICU_Vent_Capacity_Daily_Report.pdf'},,,
2020-06-17T00:00:00.000,219,21,29,18,57,33,32,30,23,13,13,0,109,109,1,98,3,43,31,6,38,0,0,0,1,3,7,5,5,0,11,10,0,9,1,7,4,0,0,1,2,3,3,2,6,5,7,0,17,12,0,7,1,17,3,1,0,2201,693,131,107,24,562,1508,1458,50,1289,1118,171,801,205,157,48,596,488,436,52,7967,5453,469,246,223,4984,2514,674,{'url': 'https://www.chicago.gov/content/dam/city/sites/covid/reports/hospital-capacity/2020.06.18_COVID-19_ICU_Vent_Capacity_Daily_Report.pdf'},,,
2020-08-05T00:00:00.000,376,4,17,43,114,82,54,33,32,14,4,0,184,190,2,170,3,83,71,11,38,0,0,0,1,0,2,1,0,0,0,4,0,3,0,1,0,0,0,0,3,0,1,4,2,3,4,0,9,8,0,3,0,9,4,1,0,1995,546,39,22,17,507,1449,1399,50,1274,1103,171,744,94,56,38,650,530,460,70,8099,5688,344,155,189,5344,2411,438,{'url': 'https://www.chicago.gov/content/dam/city/sites/covid/reports/hospital-capacity/2020.08.06_COVID-19_ICU_Vent_Capacity_Daily_Report.pdf'},,,
2020-04-02T00:00:00.000,438,15,171,2,59,69,85,92,58,40,33,0,209,224,5,87,12,225,58,18,38,0,0,0,1,2,1,7,4,0,5,10,0,2,2,9,2,0,0,1,8,15,28,32,36,30,21,0,70,100,1,39,3,98,20,10,1,1206,611,279,200,79,332,595,471,124,979,799,180,764,382,265,117,382,215,167,48,6544,4465,693,,,3772,2079,1075,{'url': 'https://www.chicago.gov/content/dam/city/sites/covid/reports/hospital-capacity/2020.04.03_COVID-19_ICU_Vent_Capacity_Daily_Report.pdf'},266,240,33
2020-09-13T00:00:00.000,122,3,27,13,36,30,19,12,9,3,0,0,61,61,0,37,2,14,37,5,27,0,0,0,0,0,0,1,2,0,2,1,0,1,0,2,0,0,0,2,5,3,1,6,6,2,2,0,14,13,0,11,0,4,11,1,0,2041,685,40,25,15,645,1356,1306,50,1276,1105,171,879,81,45,36,798,397,319,78,8258,6113,249,102,147,5864,2145,330,{'url': 'https://www.chicago.gov/content/dam/city/sites/covid/reports/hospital-capacity/2020.09.14_COVID-19_ICU_Vent_Capacity_Daily_Report.pdf'},,,
2020-06-14T00:00:00.000,92,12,27,6,23,18,19,14,6,2,4,0,44,48,0,29,1,24,5,5,28,0,0,0,1,1,3,2,5,0,6,6,0,5,0,3,4,0,0,2,4,1,6,3,5,3,3,0,11,16,0,12,1,9,1,2,2,2197,740,142,127,15,598,1457,1407,50,1301,1130,171,763,215,177,38,548,538,486,52,7930,5232,445,217,228,4787,2698,660,{'url': 'https://www.chicago.gov/content/dam/city/sites/covid/reports/hospital-capacity/2020.06.15_COVID-19_ICU_Vent_Capacity_Daily_Report.pdf'},,,
2020-08-22T00:00:00.000,183,2,16,18,54,30,28,25,16,10,2,0,92,89,2,66,4,28,47,12,26,0,0,0,0,0,1,0,1,0,1,1,0,1,0,1,0,0,0,1,1,1,2,2,3,6,0,0,11,5,0,2,0,10,3,1,0,2035,583,32,25,7,551,1452,1402,50,1278,1107,171,753,80,53,27,673,525,461,64,8099,5832,253,105,148,5579,2267,333,{'url': 'https://www.chicago.gov/content/dam/city/sites/covid/reports/hospital-capacity/2020.08.23_COVID-19_ICU_Vent_Capacity_Daily_Report.pdf'},,,
2020-09-16T00:00:00.000,361,4,34,47,118,77,48,34,24,10,3,0,202,159,0,167,5,55,86,4,44,0,0,0,0,0,2,1,1,0,3,1,0,1,0,1,2,0,0,1,3,3,3,1,13,6,4,0,25,9,0,10,0,10,9,1,4,2041,547,43,32,11,504,1494,1444,50,1276,1105,171,869,99,65,34,770,407,339,68,8258,6042,259,98,161,5783,2216,358,{'url': 'https://www.chicago.gov/content/dam/city/sites/covid/reports/hospital-capacity/2020.09.17_COVID-19_ICU_Vent_Capacity_Daily_Report.pdf'},,,
2020-09-12T00:00:00.000,134,0,11,11,31,32,24,19,11,5,1,0,68,64,2,36,7,21,33,5,32,0,0,0,0,0,0,0,0,0,0,0,0,0,0,0,0,0,0,0,1,1,4,4,1,0,0,0,5,6,0,5,1,4,1,0,0,2038,671,38,30,8,633,1367,1317,50,1276,1105,171,785,78,51,27,707,491,406,85,8258,5922,241,93,148,5681,2336,319,{'url': 'https://www.chicago.gov/content/dam/city/sites/covid/reports/hospital-capacity/2020.09.13_COVID-19_ICU_Vent_Capacity_Daily_Report.pdf'},,,
2020-06-23T00:00:00.000,232,8,27,12,72,43,36,27,16,17,9,0,116,115,1,95,7,41,47,4,38,0,0,0,0,0,3,2,3,0,3,5,0,3,0,4,1,0,0,0,3,2,5,4,4,3,6,0,18,9,0,10,0,8,4,4,1,2184,552,98,80,18,454,1632,1582,50,1288,1117,171,774,152,106,46,622,514,468,46,7963,5427,500,260,240,4927,2536,652,{'url': 'https://www.chicago.gov/content/dam/city/sites/covid/reports/hospital-capacity/2020.06.24_COVID-19_ICU_Vent_Capacity_Daily_Report.pdf'},,,
2020-04-27T00:00:00.000,1156,35,171,42,234,201,232,205,125,53,64,0,571,554,31,517,24,199,107,61,248,0,0,0,1,3,4,14,13,0,11,24,0,8,1,19,7,0,0,1,10,10,16,39,37,20,38,0,80,89,2,56,4,70,28,12,1,1943,995,345,312,33,650,948,898,50,1379,1165,214,1126,502,441,61,624,253,187,66,7540,5791,1150,,,4641,1749,1652,{'url': 'https://www.chicago.gov/content/dam/city/sites/covid/reports/hospital-capacity/2020.04.28_COVID-19_ICU_Vent_Capacity_Daily_Report.pdf'},306,136,24
2020-05-15T00:00:00.000,972,48,110,80,186,201,167,136,102,64,36,0,539,424,9,447,11,157,84,36,237,0,0,2,1,7,14,12,12,0,15,33,0,18,0,12,16,2,0,0,14,10,17,13,18,19,19,0,61,49,0,37,2,45,20,1,5,2117,707,310,284,26,397,1410,1360,50,1487,1257,230,1204,446,394,52,758,283,241,42,7702,6013,1148,833,315,4865,1689,1594,{'url': 'https://www.chicago.gov/content/dam/city/sites/covid/reports/hospital-capacity/2020.05.16_COVID-19_ICU_Vent_Capacity_Daily_Report.pdf'},298,84,20
2020-03-27T00:00:00.000,404,8,156,4,43,61,85,103,49,37,22,0,211,191,2,68,9,208,69,13,37,0,0,0,1,1,3,3,0,0,3,5,0,2,0,4,2,0,0,2,4,9,27,40,35,21,18,0,78,78,0,18,6,113,13,4,2,1042,479,170,108,62,309,563,439,124,970,785,185,725,252,140,112,473,245,201,44,6564,4578,,,,,1986,,{'url': 'https://www.chicago.gov/content/dam/city/sites/covid/reports/hospital-capacity/2020.03.28_COVID-19_ICU_Vent_Capacity_Daily_Report.pdf'},235,152,35
2020-08-17T00:00:00.000,491,3,26,69,141,84,72,63,29,23,10,0,235,250,6,261,9,75,88,14,44,0,0,0,0,1,0,1,1,0,1,2,0,0,0,2,1,0,0,0,1,2,5,6,5,6,1,0,13,13,0,8,0,13,4,1,0,2045,551,43,29,14,508,1494,1444,50,1278,1107,171,712,99,64,35,613,566,499,67,8103,5600,336,144,192,5264,2503,435,{'url': 'https://www.chicago.gov/content/dam/city/sites/covid/reports/hospital-capacity/2020.08.18_COVID-19_ICU_Vent_Capacity_Daily_Report.pdf'},,,
2020-10-04T00:00:00.000,143,5,21,19,28,25,20,24,13,11,3,0,57,86,0,31,6,24,39,7,36,0,0,0,0,0,0,1,4,0,3,2,0,1,0,1,3,0,0,0,2,2,0,4,6,6,1,0,12,9,0,2,0,13,4,1,1,2053,683,36,25,11,647,1370,1320,50,1283,1105,178,863,85,51,34,778,420,360,60,8248,5824,263,136,127,5561,2424,348,{'url': 'https://www.chicago.gov/content/dam/city/sites/covid/reports/hospital-capacity/2020.10.05_COVID-19_ICU_Vent_Capacity_Daily_Report.pdf'},,,
2020-06-19T00:00:00.000,219,15,38,28,69,38,28,24,16,10,6,0,111,103,5,87,2,48,27,9,46,0,0,0,1,3,3,2,6,0,7,8,0,3,1,5,6,0,0,3,4,2,6,7,8,4,4,0,19,19,0,12,0,19,5,1,1,2168,571,118,97,21,453,1597,1547,50,1292,1121,171,817,163,131,32,654,475,439,36,7967,5524,501,254,247,5023,2443,664,{'url': 'https://www.chicago.gov/content/dam/city/sites/covid/reports/hospital-capacity/2020.06.20_COVID-19_ICU_Vent_Capacity_Daily_Report.pdf'},,,
2020-07-19T00:00:00.000,99,2,23,14,27,23,10,13,5,6,1,0,52,46,1,25,2,32,21,3,16,0,0,0,1,0,1,0,0,0,1,1,0,1,0,1,0,0,0,3,2,2,5,5,2,2,2,0,12,11,0,2,0,16,4,0,1,2004,583,49,30,19,534,1421,1371,50,1346,1175,171,761,108,60,48,653,585,513,72,8045,5495,333,128,205,5162,2550,441,{'url': 'https://www.chicago.gov/content/dam/city/sites/covid/reports/hospital-capacity/2020.07.20_COVID-19_ICU_Vent_Capacity_Daily_Report.pdf'},,,
2020-06-04T00:00:00.000,319,14,35,27,92,63,54,40,25,10,8,0,160,156,3,144,5,64,23,9,74,0,0,2,1,0,5,4,2,0,6,8,0,6,1,7,0,0,0,0,7,1,6,6,10,3,2,0,20,15,0,12,1,12,7,1,2,2207,638,216,198,18,422,1569,1519,50,1320,1141,179,826,312,269,43,514,494,413,81,7764,5314,721,437,284,4593,2450,1033,{'url': 'https://www.chicago.gov/content/dam/city/sites/covid/reports/hospital-capacity/2020.06.05_COVID-19_ICU_Vent_Capacity_Daily_Report.pdf'},,,
2020-07-15T00:00:00.000,267,7,24,30,83,51,33,34,18,12,6,0,149,118,0,97,4,83,40,11,32,0,0,0,0,2,2,1,2,0,3,4,0,1,0,6,0,0,0,0,5,2,2,3,4,4,4,0,14,10,0,9,0,9,5,1,0,1998,521,63,52,11,458,1477,1427,50,1346,1175,171,753,98,65,33,655,593,512,81,8037,5616,423,184,239,5193,2421,521,{'url': 'https://www.chicago.gov/content/dam/city/sites/covid/reports/hospital-capacity/2020.07.16_COVID-19_ICU_Vent_Capacity_Daily_Report.pdf'},,,
2020-07-13T00:00:00.000,335,3,35,36,98,68,45,35,31,7,15,0,191,142,2,124,7,89,59,8,48,0,1,0,0,0,1,0,1,0,1,2,0,1,0,1,1,0,0,2,2,5,3,8,5,7,3,0,17,18,0,12,2,12,6,1,2,2002,499,63,53,10,436,1503,1453,50,1346,1175,171,783,106,70,36,677,563,473,90,8043,5451,361,161,200,5090,2592,467,{'url': 'https://www.chicago.gov/content/dam/city/sites/covid/reports/hospital-capacity/2020.07.14_COVID-19_ICU_Vent_Capacity_Daily_Report.pdf'},,,
2020-05-14T00:00:00.000,776,45,130,49,167,152,132,108,95,43,30,0,396,368,12,327,13,160,72,34,170,1,0,4,1,5,5,7,22,0,22,23,0,13,4,21,6,1,0,2,8,9,14,18,39,26,14,0,56,74,0,47,3,47,17,10,6,2117,781,322,295,27,459,1336,1286,50,1412,1182,230,1168,456,397,59,712,244,202,42,7593,6043,1219,869,350,4824,1550,1675,{'url': 'https://www.chicago.gov/content/dam/city/sites/covid/reports/hospital-capacity/2020.05.15_COVID-19_ICU_Vent_Capacity_Daily_Report.pdf'},312,117,20
2020-10-22T00:00:00.000,2,0,,0,0,0,1,0,1,0,0,0,1,1,0,0,0,0,0,2,0,0,0,0,0,0,0,0,0,0,0,0,0,0,0,0,0,0,0,,,,,,,,,,,,,,,,,,,2059,524,43,34,9,481,1535,1485,50,1275,1097,178,892,116,88,28,776,383,320,63,8245,6242,443,226,217,5799,2003,559,{'url': 'https://www.chicago.gov/content/dam/city/sites/covid/reports/hospital-capacity/2020.10.23_COVID-19_ICU_Vent_Capacity_Daily_Report.pdf'},,,
